time,latitude,longitude,depth,magnitude,year,month,day
2024-07-23 13:47:35.241,1.745574289287843,-1.4026771771730735,-0.6848210582588476,0.750092114246498,2024,7,23
2024-07-23 13:15:23.036,-0.8443510202046028,-1.5742273474103905,3.19838462859619,0.2911820789266693,2024,7,23
2024-07-23 10:34:48.038,-0.3369086890081158,1.0776628540824167,-0.6204920836435911,0.2911820789266693,2024,7,23
2024-07-23 09:16:25.411,0.9871759931618769,-0.9443124325842929,-0.6636188715154052,-0.39718297405307273,2024,7,23
2024-07-23 09:08:42.362,0.9866327984325924,-0.9440551262248726,-0.6353495036207308,0.750092114246498,2024,7,23
2024-07-23 08:01:04.397,0.9500690032176236,-0.9743609908703337,-0.6488791735618116,-0.8560930093729014,2024,7,23
2024-07-23 06:32:44.722,-0.3596481783627919,0.8862566737215918,1.8377367549190529,-0.6266379917129882,2024,7,23
2024-07-23 04:57:11.041,1.1714344352693247,1.0068320419106465,-0.29408686644577947,0.06172706126675392,2024,7,23
2024-07-23 02:21:26.124,0.14973946895794552,-0.8008207167593762,-0.6204920836435911,0.750092114246498,2024,7,23
2024-07-23 01:47:55.090,0.15450939767447577,-0.8000616629990865,-0.6204920836435911,2.3562772378658954,2024,7,23
2024-07-23 00:49:34.604,0.154180085869847,-0.8009541944333254,-0.6658118462600393,2.585732255525811,2024,7,23
2024-07-22 23:06:44.187,-1.420775687053174,-0.730331639596211,-0.5400551337846743,0.06172706126675392,2024,7,22
2024-07-22 22:57:25.662,1.0636000966051602,1.0037966309518611,-0.6204920836435911,-0.1677279563931594,2024,7,22
2024-07-22 20:51:12.183,-0.6458439013546086,1.218207608009599,-0.6204920836435911,0.06172706126675392,2024,7,22
2024-07-22 20:17:16.669,-0.3071619876456687,0.919999186430059,-0.290960478279478,1.2090021495663246,2024,7,22
2024-07-22 20:09:22.246,1.2217410571351937,0.07709812851151314,-0.621958784264819,-0.1677279563931594,2024,7,22
2024-07-22 20:08:19.287,-0.6539307128868328,1.2177404361507764,-0.6138854979506043,1.2090021495663246,2024,7,22
2024-07-22 15:44:48.262,-0.8904818325890963,1.2420639279397176,-0.1838077052628452,0.750092114246498,2024,7,22
2024-07-22 15:42:15.107,-0.7478558715142539,-1.5653647514931106,3.4391937121709413,-0.1677279563931594,2024,7,22
2024-07-22 13:38:09.971,1.283699205944217,0.23465565729061,-0.48340060584101785,-0.39718297405307273,2024,7,22
2024-07-22 12:33:58.333,1.1144600981014878,0.43093698908007455,0.640220727968745,0.06172706126675392,2024,7,22
2024-07-22 12:23:57.933,-2.026974215000657,-0.3545284649216423,-0.31362357603643287,1.43845716722624,2024,7,22
2024-07-22 11:53:19.793,-0.7509011569653057,-0.6955920647449904,0.16996305773629666,-1.0855480270328168,2024,7,22
2024-07-22 11:38:20.683,-0.6521076155766714,1.2160566876613204,-0.6204920836435911,0.9795471319064113,2024,7,22
2024-07-22 10:34:30.168,-0.6530412315176293,1.216358218551266,-0.6204920836435911,3.274097308505553,2024,7,22
2024-07-22 10:34:12.418,-0.6517783037720427,1.216917859883005,-0.6204920836435911,1.43845716722624,2024,7,22
2024-07-22 10:00:44.761,0.33480591322520425,-0.8687311017517271,-0.43873699876564537,-1.0855480270328168,2024,7,22
2024-07-22 09:46:07.695,-0.3287437932335569,1.0436911778975908,-0.36675287617117325,0.750092114246498,2024,7,22
2024-07-22 09:24:00.943,-0.647554964751855,1.2168905210823167,-0.6204920836435911,0.5206370965865826,2024,7,22
2024-07-22 08:35:48.609,1.0430978905417252,0.23849434654021015,-0.6204920836435911,-0.6266379917129882,2024,7,22
2024-07-22 08:20:10.394,-0.6480913695470236,1.2173319623051968,-0.6204920836435911,0.2911820789266693,2024,7,22
2024-07-22 06:37:33.264,1.1236434839934553,0.9981294583856312,-0.12059162190843263,0.2911820789266693,2024,7,22
2024-07-22 05:49:29.001,-0.9530680503038548,-0.6729507132807587,0.3331528005402794,0.06172706126675392,2024,7,22
2024-07-22 05:39:35.372,-0.7762955105593602,1.2285971563535627,0.976114468922307,2.126822220205982,2024,7,22
2024-07-22 05:26:24.445,-0.29195253522570025,-0.7669463345417061,-0.30592983067244817,-0.39718297405307273,2024,7,22
2024-07-22 01:49:26.759,0.6459818038299959,0.6242295466883988,-0.5095310353297352,-0.39718297405307273,2024,7,22
2024-07-22 00:06:52.713,-1.475363362379217,0.8392451936907738,-0.6204920836435911,1.2090021495663246,2024,7,22
2024-07-21 18:07:45.613,-0.9394576273682178,-1.5798872832352617,2.5623254591903795,-0.39718297405307273,2024,7,21
2024-07-21 15:59:35.659,-2.046671813871339,-1.2747524960930792,-0.6204920836435911,0.9795471319064113,2024,7,21
2024-07-21 14:56:32.013,1.4529145490175397,1.0698889856984337,-0.3086638120935966,-0.1677279563931594,2024,7,21
2024-07-21 12:29:39.125,0.9595613311118718,0.2643825826273756,-0.6204920836435911,-0.8560930093729014,2024,7,21
2024-07-21 12:17:29.123,-0.551032656325042,1.2061126009521028,0.6209799316613217,-0.39718297405307273,2024,7,21
2024-07-21 11:50:07.743,0.07808868919825047,0.6101259418626789,-0.6204920836435911,0.06172706126675392,2024,7,21
2024-07-21 10:53:10.484,0.17511684771670982,0.8792949285345288,-0.21045919944594602,-0.1677279563931594,2024,7,21
2024-07-21 09:57:28.462,1.3247715174122476,1.035413149865619,-0.5313514235192301,1.6679121848861533,2024,7,21
2024-07-21 09:31:29.796,1.058351477533448,0.05232033018172054,-0.4857035831322441,1.6679121848861533,2024,7,21
2024-07-21 08:25:10.091,1.1541880026145392,0.15097239246580046,-0.6204920836435911,-0.6266379917129882,2024,7,21
2024-07-21 08:23:48.692,0.37115243054845914,-0.8577481406163502,1.0233448020848284,3.7330073438253817,2024,7,21
2024-07-21 08:23:44.366,-0.7352978883666058,-0.6964588655432873,0.026335756112813316,-1.0855480270328168,2024,7,21
2024-07-21 06:42:09.779,0.9972217006865839,0.350894609241061,-0.5945803726685658,-0.39718297405307273,2024,7,21
2024-07-21 02:16:41.908,1.1858664402330046,1.006616547834632,-0.38059003861091495,0.06172706126675392,2024,7,21
2024-07-20 23:40:10.604,1.3495751467382053,0.546900140776522,-0.4123685520708516,0.750092114246498,2024,7,20
2024-07-20 23:11:57.361,-0.5406542420286483,1.205084179596795,0.15028482440148971,0.9795471319064113,2024,7,20
2024-07-20 21:08:06.809,1.0599165573471991,0.05316863708543405,-0.6327017230255668,-0.1677279563931594,2024,7,20
2024-07-20 19:51:58.102,-0.6931256075717739,-1.5588291699638377,-0.6204920836435911,0.5206370965865826,2024,7,20
2024-07-20 19:48:56.831,1.2637266147418342,0.5426296592925197,-0.6204920836435911,-0.1677279563931594,2024,7,20
2024-07-20 18:22:44.141,0.6417177252051118,1.0069156664774581,0.9572210490778061,0.2911820789266693,2024,7,20
2024-07-20 17:35:04.883,-0.12205140880665556,0.6410147662287012,-0.6204920836435911,1.8973672025460688,2024,7,20
2024-07-20 17:34:59.464,1.0097627089989416,0.48152824383632603,-0.4374375534784171,-1.31500304469273,2024,7,20
2024-07-20 16:45:50.520,1.1206389381471,1.0034637408493612,-0.5251758419561655,0.750092114246498,2024,7,20
2024-07-20 15:42:14.590,0.8180149695614826,0.9965526528518092,-0.5445195646229731,0.2911820789266693,2024,7,20
2024-07-20 15:25:00.143,-0.09191089126547704,0.8625820764078134,0.9727950938321597,-0.39718297405307273,2024,7,20
2024-07-20 13:23:13.248,-0.9421057016734803,-0.6719054061956141,0.6015075510452836,0.06172706126675392,2024,7,20
2024-07-20 12:32:35.467,-0.914609863470506,-0.6802919853479664,0.180615935932583,0.06172706126675392,2024,7,20
2024-07-20 11:30:50.947,-0.9766053569171675,1.3116411756916877,2.350580206346801,-0.39718297405307273,2024,7,20
2024-07-20 10:47:54.259,1.468921818696145,1.0371861514984988,1.8082740845452652,-1.31500304469273,2024,7,20
2024-07-20 07:37:35.135,1.2437845782429737,0.4849544388284807,-0.3867270227892104,-0.6266379917129882,2024,7,20
2024-07-20 07:26:57.982,1.2614146421753167,0.5434031865355268,-0.6204920836435911,-1.0855480270328168,2024,7,20
2024-07-20 06:31:43.921,-2.022591312528742,-0.35204545855323727,-0.37618350384976984,1.43845716722624,2024,7,20
2024-07-20 06:04:11.648,-0.8648192765974576,1.234380920863905,-0.23698846857727776,0.750092114246498,2024,7,20
2024-07-20 00:23:52.906,-0.8943826497387712,-0.7027765407494264,-0.568565735334156,-0.8560930093729014,2024,7,20
2024-07-19 21:35:28.572,-0.8083439995871508,-0.6818808521173862,0.497063027859953,0.06172706126675392,2024,7,19
2024-07-19 20:06:14.343,-0.07335400132629234,0.8923701120049412,-0.6294338111151118,1.2090021495663246,2024,7,19
2024-07-19 20:01:30.025,-0.07366633829563098,0.8926065122226585,-0.6204920836435911,0.9795471319064113,2024,7,19
2024-07-19 19:06:04.786,-0.0997091305977689,0.8789137934896376,-0.48239064093955836,0.9795471319064113,2024,7,19
2024-07-19 18:07:11.106,1.389367555625359,1.0577907623114449,-0.22858067159506373,-0.39718297405307273,2024,7,19
2024-07-19 17:14:38.397,-0.9162564224936499,-0.6798650176078035,0.18891437365795122,-0.6266379917129882,2024,7,19
2024-07-19 15:40:18.624,0.5039873066279469,1.0361376280838615,0.6254700940894666,-0.1677279563931594,2024,7,19
2024-07-19 15:25:40.456,-1.2149897588307665,-0.7127471621769594,-0.47609283432472477,-0.39718297405307273,2024,7,19
2024-07-19 13:50:39.706,-0.8202840987302376,-0.6910039707235789,-0.022174723644551617,-0.8560930093729014,2024,7,19
2024-07-19 12:19:59.256,-0.2406919276165254,0.9842735109308531,-0.3087088423758273,-0.39718297405307273,2024,7,19
2024-07-19 11:49:32.228,0.10728880086435505,0.8596600410636477,-0.573814979662761,0.750092114246498,2024,7,19
2024-07-19 11:17:42.268,-0.9166604235735554,-0.6801794138157201,0.26286052997818865,-0.39718297405307273,2024,7,19
2024-07-19 10:21:33.338,-0.26010095428727525,1.0162558873244114,-0.4596696471054498,-0.1677279563931594,2024,7,19
2024-07-19 08:43:47.434,1.6432907217635553,-1.5092655324805204,-0.4179973373496865,3.274097308505553,2024,7,19
2024-07-19 08:41:24.734,-0.9192032539000188,-0.6801681566624954,0.2502070206713676,0.2911820789266693,2024,7,19
2024-07-19 07:47:39.340,-0.9151598481339067,-0.68056778560197,0.33866579366480687,0.06172706126675392,2024,7,19
2024-07-19 07:45:51.863,-0.9120500583087524,-0.6811419004164264,0.20443052233515113,0.9795471319064113,2024,7,19
2024-07-19 07:20:47.675,-0.9077486350462302,-0.6798642135254304,0.07061982223795592,6.486467555744352,2024,7,19
2024-07-19 04:51:16.919,0.8480638229920943,0.981563753333209,2.515474666978088,-1.31500304469273,2024,7,19
2024-07-19 04:24:38.310,1.4302972784769528,1.0163974058220924,1.3883795685391016,0.06172706126675392,2024,7,19
2024-07-18 23:44:42.750,1.1146909558614337,0.4311291647672665,0.7468974665732249,0.750092114246498,2024,7,18
2024-07-18 20:47:35.193,1.09670102542094,0.9916332768926442,-0.18309365364461583,-0.39718297405307273,2024,7,18
2024-07-18 20:31:22.727,-0.30291148888901676,0.6774533671344684,-0.6204920836435911,1.6679121848861533,2024,7,18
2024-07-18 18:49:21.133,0.8682265323497266,0.9136348744462747,-0.45205309651100345,0.2911820789266693,2024,7,18
2024-07-18 17:56:15.688,1.6702976847101734,-1.4056177064118227,-0.589247500672961,-0.8560930093729014,2024,7,18
2024-07-18 16:37:36.268,1.013215390496957,0.9922829754501801,-0.005815865399891838,2.3562772378658954,2024,7,18
2024-07-18 14:22:44.557,0.04761546488538513,-0.7991023927278731,-0.6204920836435911,-0.39718297405307273,2024,7,18
2024-07-18 11:09:55.669,0.17059814656247366,0.8839867491820816,-0.35278062288473955,1.43845716722624,2024,7,18
2024-07-18 06:39:17.337,0.10924430188977956,-0.7222337260158331,0.22525381141810966,-0.39718297405307273,2024,7,18
2024-07-18 06:18:48.423,1.3901042634769514,1.0559590626653224,-0.14595653659922828,-0.8560930093729014,2024,7,18
2024-07-18 01:19:57.797,-0.32088444449422054,0.7520537174717445,2.8605674513016317,-0.39718297405307273,2024,7,18
2024-07-18 00:47:39.519,0.019939693428335434,0.8672594235726487,-0.6089193011103065,0.2911820789266693,2024,7,18
2024-07-17 22:51:10.051,-0.8884414573872211,-0.684153992986389,0.2390588093705436,-0.1677279563931594,2024,7,17
2024-07-17 14:23:38.696,0.7000093095914641,0.8436748834846673,-0.5397527876039826,0.06172706126675392,2024,7,17
2024-07-17 11:47:02.839,1.9371183307018203,1.2291680548385264,-0.6204920836435911,-0.6266379917129882,2024,7,17
2024-07-17 07:39:28.445,1.285603782463771,0.23579825834291035,-0.49409208142207356,-1.0855480270328168,2024,7,17
2024-07-17 05:09:28.641,-0.08301947254049996,0.8790199323628984,-0.6204920836435911,1.8973672025460688,2024,7,17
2024-07-17 01:21:13.846,1.6318768425144627,1.3001564671554415,-0.01958226596755674,0.750092114246498,2024,7,17
2024-07-16 23:02:55.383,-0.18580210022231788,0.15635813620141464,-0.6204920836435911,0.06172706126675392,2024,7,16
2024-07-16 21:10:45.022,0.9789839376508539,0.25894055312563824,-0.6204920836435911,0.06172706126675392,2024,7,16
2024-07-16 20:08:48.741,-0.9288517502789363,-0.672823668265795,0.5763549219707181,-0.6266379917129882,2024,7,16
2024-07-16 19:59:14.867,0.430829161494487,-0.9189645398519098,-0.6076005571306937,0.5206370965865826,2024,7,16
2024-07-16 18:49:20.744,1.095909998096419,0.9915922686916114,-0.2241355394491495,-0.39718297405307273,2024,7,16
2024-07-16 18:05:52.751,-0.8317522974522583,-0.7001898077548803,-0.45899419287198967,-1.31500304469273,2024,7,16
2024-07-16 17:59:44.985,-0.7737730500352448,1.2283663847124577,1.076795747092645,0.9795471319064113,2024,7,16
2024-07-16 17:23:04.924,-0.7321948884755677,-1.5687917505676385,3.139896724875999,-0.39718297405307273,2024,7,16
2024-07-16 14:32:54.044,1.0694156751755635,1.000602815765558,-0.5242559376191673,0.2911820789266693,2024,7,16
2024-07-16 13:55:50.797,-1.9182809496708113,0.07292896140653263,-0.6204920836435911,0.5206370965865826,2024,7,16
2024-07-16 13:08:11.729,-0.12760557491359045,0.8480547201714231,0.8755168184189688,0.06172706126675392,2024,7,16
2024-07-16 12:06:43.051,0.8694724852600231,1.0114740094510615,-0.6204920836435911,1.43845716722624,2024,7,16
2024-07-16 10:57:23.978,-0.7382141650694526,-1.5678180068137078,2.5468479078979485,-0.39718297405307273,2024,7,16
2024-07-16 10:35:40.036,-0.7417211660403962,-1.5642157177818248,3.109379059318521,0.06172706126675392,2024,7,16
2024-07-16 08:38:35.362,1.3704915387827197,1.0530788396045623,-0.3301496896150923,-0.8560930093729014,2024,7,16
2024-07-16 08:23:09.295,-0.26812665641245503,0.6856775216474367,-0.23199010724967234,0.750092114246498,2024,7,16
2024-07-16 08:12:05.824,0.9453262342375576,0.26488433002824496,-0.6204920836435911,-1.0855480270328168,2024,7,16
2024-07-16 06:49:07.363,0.8964692633054671,0.3293781690169194,-0.6204920836435911,0.06172706126675392,2024,7,16
2024-07-16 04:49:27.977,0.4690395157325998,0.8495422725618212,-0.6162399384215227,0.2911820789266693,2024,7,16
2024-07-16 00:38:41.341,-0.8471416831263023,-0.6841483644097768,0.11505827790217514,0.750092114246498,2024,7,16
2024-07-15 23:51:59.445,-0.6837487085574986,-1.5210590086480709,-0.6204920836435911,1.6679121848861533,2024,7,15
2024-07-15 23:10:18.477,-0.6776615326224532,-1.5218727400097374,-0.6204920836435911,2.815187273185724,2024,7,15
2024-07-15 22:44:18.425,-0.8415569623158452,-0.6877233146409714,0.09243377752998944,0.2911820789266693,2024,7,15
2024-07-15 18:59:21.057,-0.7603697200901476,-1.5638796113498323,3.224675880521445,0.5206370965865826,2024,7,15
2024-07-15 18:34:52.136,2.111117182359906,-1.2210430098936043,-0.6013156163107832,-1.0855480270328168,2024,7,15
2024-07-15 16:37:09.244,-0.7647763873314688,-0.6809449002349953,0.6363545565943679,-0.1677279563931594,2024,7,15
2024-07-15 14:30:12.518,1.4438601718737771,1.065579104178145,0.4708425378067745,-0.8560930093729014,2024,7,15
2024-07-15 13:45:49.644,-0.2621107747856283,1.0148712574777814,-0.40533096224794257,1.43845716722624,2024,7,15
2024-07-15 12:26:44.728,-0.08413641670259138,-0.8206308941876125,-0.6204920836435911,-0.6266379917129882,2024,7,15
2024-07-15 11:29:36.355,0.1542751449474718,-0.8011270721435609,-0.6204920836435911,-0.8560930093729014,2024,7,15
2024-07-15 11:19:01.898,0.15488623901791698,-0.8007250309569669,-0.6204920836435911,-0.39718297405307273,2024,7,15
2024-07-15 10:29:32.436,-0.6271512127331027,-1.5289575097998982,-0.6204920836435911,0.9795471319064113,2024,7,15
2024-07-15 09:55:41.842,-0.7660325251429394,1.2270243712316067,0.9419300518117596,0.750092114246498,2024,7,15
2024-07-15 08:31:47.479,-0.7360413861523142,-1.5698418821470224,2.9795631885449327,-0.6266379917129882,2024,7,15
2024-07-15 03:03:18.558,0.9083244882721031,0.42235340974629115,-0.6204920836435911,0.9795471319064113,2024,7,15
2024-07-15 01:45:19.561,-0.8489953351399859,-0.6850810999626751,0.1401787424894329,0.750092114246498,2024,7,15
2024-07-15 00:29:50.892,-1.778248743428303,0.7237644914182394,-0.6204920836435911,0.9795471319064113,2024,7,15
2024-07-15 00:17:22.961,-0.709614962572619,-1.5355509852600409,0.07166838452418457,0.2911820789266693,2024,7,15
2024-07-15 00:14:01.777,-0.43449362212409187,0.8582239499451336,0.011655884105611797,-0.39718297405307273,2024,7,15
2024-07-14 23:33:38.628,1.0096404901848528,0.9969410246380591,-0.2916166338205536,-0.1677279563931594,2024,7,14
2024-07-14 20:15:19.454,-0.889032181655318,-1.5656598497240708,1.3551729518427063,-0.1677279563931594,2024,7,14
2024-07-14 19:51:22.652,1.6229277093494994,-1.5519454207669736,-0.35171276190612627,-0.1677279563931594,2024,7,14
2024-07-14 18:14:11.465,-0.8583247046154489,-1.576674974154375,3.090344115729866,1.6679121848861533,2024,7,14
2024-07-14 18:13:36.452,0.631553193833374,1.0199112457929247,0.3735063663164298,-0.1677279563931594,2024,7,14
2024-07-14 17:33:33.521,0.0662368591986724,0.8852491585079869,-0.011090841318342922,-0.1677279563931594,2024,7,14
2024-07-14 16:49:25.410,0.7229151523319834,-0.5015324125526447,-0.6204920836435911,-0.6266379917129882,2024,7,14
2024-07-14 16:43:45.155,0.8881108544086004,0.9792238736272315,2.2467339426253927,-1.31500304469273,2024,7,14
2024-07-14 16:07:14.244,0.2670593455822422,-0.8374860688943823,-0.4494542059365471,-0.1677279563931594,2024,7,14
2024-07-14 15:31:01.149,0.1610922387999934,0.8795449981525904,-0.6110871875548406,0.06172706126675392,2024,7,14
2024-07-14 15:19:49.731,0.9198911410388068,0.987710158993859,-0.6259021504087342,0.2911820789266693,2024,7,14
2024-07-14 13:49:30.338,0.5480268193046948,0.8399809290622411,-0.5867193719705814,-0.39718297405307273,2024,7,14
2024-07-14 12:57:46.536,0.008250821847542745,0.8954746740478206,-0.6174750547341357,0.5206370965865826,2024,7,14
2024-07-14 11:23:05.678,0.1561797214670259,-0.8006912594972928,-0.6204920836435911,-0.6266379917129882,2024,7,14
2024-07-14 10:32:45.103,-1.3978019449714942,-0.7328299235297064,-0.6204920836435911,-1.0855480270328168,2024,7,14
2024-07-14 10:11:27.506,1.764283952744639,1.1584932346471546,0.32198529054707076,-0.6266379917129882,2024,7,14
2024-07-14 08:37:02.388,0.42459939694300447,-0.8971554136439279,-0.10371169896938925,-1.31500304469273,2024,7,14
2024-07-14 07:55:16.558,1.5355548371440737,-1.1713772539488922,-0.6204920836435911,-0.6266379917129882,2024,7,14
2024-07-14 06:43:23.164,-0.714700623225546,-0.6949077906454073,0.4728174373274628,-0.1677279563931594,2024,7,14
2024-07-14 04:19:33.954,0.8955933618044957,0.5643889323933641,-0.6204920836435911,-0.1677279563931594,2024,7,14
2024-07-14 03:18:44.678,-0.5400431479582031,-0.7202846303432251,-0.6204920836435911,0.9795471319064113,2024,7,14
2024-07-14 03:04:00.803,0.15272025003489467,-0.8000110058095757,-0.6204920836435911,1.8973672025460688,2024,7,14
2024-07-14 00:19:23.212,-0.29922794963105565,0.6774807059351566,-0.6204920836435911,0.5206370965865826,2024,7,14
2024-07-13 23:56:26.438,0.3027098946586012,-0.8447067286056118,-0.3607059525573391,-1.0855480270328168,2024,7,13
2024-07-13 23:21:05.293,-1.0660152093574105,-1.5545015986313389,-0.6204920836435911,2.3562772378658954,2024,7,13
2024-07-13 22:20:59.399,-0.9486342233260694,-0.6762112673040367,0.5201957271315992,-0.8560930093729014,2024,7,13
2024-07-13 21:48:29.815,1.1240440901063027,0.44060045104104967,0.5674903892687359,-1.31500304469273,2024,7,13
2024-07-13 21:42:51.046,0.040007343708342885,0.8801955007924996,-0.15075547810552636,-0.1677279563931594,2024,7,13
2024-07-13 20:35:42.806,0.9110166971491199,0.9724639531158388,2.2728708050115713,-1.0855480270328168,2024,7,13
2024-07-13 10:56:42.311,1.5467106988967558,1.1133882339231658,-0.25192565648294035,-0.1677279563931594,2024,7,13
2024-07-13 10:48:31.354,-0.8401921855585176,-0.6764605328397251,0.47146009596308097,-0.6266379917129882,2024,7,13
2024-07-13 10:08:15.318,-0.9456806019855845,-0.6743787635755408,0.670339553883608,-0.1677279563931594,2024,7,13
2024-07-13 09:05:41.225,-0.6657757529522949,-0.7345072393601769,-0.6026021958030883,0.06172706126675392,2024,7,13
2024-07-13 07:58:53.915,1.693702587608223,-1.4609080185569856,-0.4420177764710234,0.06172706126675392,2024,7,13
2024-07-13 04:48:47.169,0.7260249421571378,0.8958533968455922,-0.6204920836435911,1.6679121848861533,2024,7,13
2024-07-13 04:37:19.696,-0.678231887088202,-1.5526079846424807,1.65515182626857,-0.1677279563931594,2024,7,13
2024-07-13 04:36:22.560,-0.031735100161918904,0.6316536392400448,-0.6204920836435911,0.5206370965865826,2024,7,13
2024-07-13 04:03:47.436,1.0997870504766878,0.4310190054821397,0.09938130678843714,-0.8560930093729014,2024,7,13
2024-07-13 01:49:46.265,1.1865182739081463,0.21291648624909537,-0.6376743527633262,-0.6266379917129882,2024,7,13
2024-07-13 00:56:43.967,1.1671330120068024,0.041395262977213264,-0.6054262377886981,-0.6266379917129882,2024,7,13
2024-07-13 00:48:12.786,-0.25184099943509153,1.0818127232104406,-0.6204920836435911,1.43845716722624,2024,7,13
2024-07-13 00:25:00.169,-0.6672899082601758,-0.7360864571411184,-0.5179388323119491,0.5206370965865826,2024,7,13
2024-07-13 00:21:13.362,0.6878858822272437,0.8442047737685984,-0.5295695109223876,-0.39718297405307273,2024,7,13
2024-07-12 23:49:03.912,-0.7151589437783799,-0.6930350827982521,0.3502514419930145,2.3562772378658954,2024,7,12
2024-07-12 23:17:43.473,-0.3557066216084206,0.9085755881541749,0.4172307703624197,-0.1677279563931594,2024,7,12
2024-07-12 23:05:40.111,-0.30653391873993335,1.0720374937995925,0.4492215694385868,-0.39718297405307273,2024,7,12
2024-07-12 22:42:50.103,-0.2546927717638356,1.0822284337973789,-0.5702961847513065,2.126822220205982,2024,7,12
2024-07-12 20:44:41.957,1.4177970097692911,1.0855283878569428,-0.44919045714062455,-0.39718297405307273,2024,7,12
2024-07-12 20:32:20.630,0.8647976156211176,0.3233194083349469,-0.617442890246828,-0.1677279563931594,2024,7,12
2024-07-12 19:24:42.870,-0.8347636332327297,-1.563742113264017,2.2531668400869185,-1.0855480270328168,2024,7,12
2024-07-12 18:26:02.964,-0.13305110207466844,0.8666346515686815,-0.6089321669052296,-0.6266379917129882,2024,7,12
2024-07-12 18:16:19.292,-0.34234063630096173,0.8665244922835548,3.1538818439573553,0.2911820789266693,2024,7,12
2024-07-12 17:20:13.489,-0.25442456936625135,0.8793689041128622,-0.38597437378621186,0.750092114246498,2024,7,12
2024-07-12 17:18:07.064,-2.1233131952063364,-0.33813724574420206,-0.4712424296387345,0.750092114246498,2024,7,12
2024-07-12 16:30:49.001,1.0697551718813663,0.047380048080852596,-0.3846684956015222,-0.8560930093729014,2024,7,12
2024-07-12 16:19:20.231,-1.225344408357754,-0.7123981904269958,-0.4925224544414613,-1.0855480270328168,2024,7,12
2024-07-12 16:04:01.247,-0.06699862299366267,0.8817377307842744,-0.38568489340044326,0.5206370965865826,2024,7,12
2024-07-12 15:00:32.984,-0.6540054021621095,-0.7360462530224591,-0.4796502266209484,2.585732255525811,2024,7,12
2024-07-12 13:50:31.536,1.538909064597406,-1.1663782738347814,-0.6204920836435911,0.5206370965865826,2024,7,12
2024-07-12 12:26:23.049,1.0339246895509318,0.4629941451343394,-0.5893182625450378,-0.1677279563931594,2024,7,12
2024-07-12 12:18:27.862,1.2115256012575855,0.033507214896237605,-0.5751465894372968,-0.6266379917129882,2024,7,12
2024-07-12 11:17:02.506,-0.2828981580819378,-0.9768086176143184,-0.6204920836435911,0.06172706126675392,2024,7,12
2024-07-12 10:38:45.169,-1.5850038235182529,-0.7323691843298696,-0.5296209741020798,-1.0855480270328168,2024,7,12
2024-07-12 10:23:52.661,1.7359291878759835,1.2154528217990561,-0.6225313121388948,1.2090021495663246,2024,7,12
2024-07-12 09:25:54.102,-0.6353364783100098,-1.528730758570659,-0.6204920836435911,0.9795471319064113,2024,7,12
2024-07-12 09:01:44.203,-0.9437590506307402,-0.6735923710145629,0.5169020836312981,-0.8560930093729014,2024,7,12
2024-07-12 07:21:09.511,0.3694956866241411,0.31313168466665303,-0.6204920836435911,0.750092114246498,2024,7,12
2024-07-12 05:49:41.701,-0.28253829157378674,-0.9779729288906949,-0.6204920836435911,2.815187273185724,2024,7,12
2024-07-12 04:04:44.706,-0.9919845576900373,1.309732284137739,2.608565126143826,-0.39718297405307273,2024,7,12
2024-07-12 03:48:09.742,-0.37929145776054574,0.7094671027405809,-0.57933440568475,0.750092114246498,2024,7,12
2024-07-12 03:02:45.457,-1.3715961942505708,1.2895570533120753,0.8899586732200938,-0.8560930093729014,2024,7,12
2024-07-11 23:04:27.469,1.5314401370697428,-1.169025313007317,-0.6204920836435911,0.2911820789266693,2024,7,11
2024-07-11 21:54:21.891,-0.12866140966863737,0.8623979415443532,-0.02548766583723733,0.2911820789266693,2024,7,11
2024-07-11 21:49:41.616,-0.33928856091579396,0.8977325373517329,1.4679931075229429,-0.39718297405307273,2024,7,11
2024-07-11 21:47:21.546,1.5351949706359225,-1.1676479199020455,-0.6204920836435911,1.8973672025460688,2024,7,11
2024-07-11 21:05:41.801,1.5359045187510505,-1.1703150611339108,-0.6204920836435911,-0.8560930093729014,2024,7,11
2024-07-11 20:47:35.633,1.5314876666085553,-1.1700062935026063,-0.6204920836435911,-0.1677279563931594,2024,7,11
2024-07-11 20:38:47.501,1.5318543230508224,-1.1699009587117188,-0.6204920836435911,4.1919173791452105,2024,7,11
2024-07-11 18:00:56.198,0.015156184843573062,0.8643349759813634,1.6900438620998857,-0.39718297405307273,2024,7,11
2024-07-11 17:34:09.409,0.265972956123673,-0.826014225676107,0.5213279170848278,0.06172706126675392,2024,7,11
2024-07-11 14:57:34.542,0.2926879519033006,1.024088453721637,-0.6204920836435911,1.8973672025460688,2024,7,11
2024-07-11 14:04:22.066,-0.4302838629721363,0.8637198529658745,-0.24840686157148584,-0.1677279563931594,2024,7,11
2024-07-11 11:29:33.497,-1.2212942126575257,-0.7130679910438614,-0.5472985763263523,-0.6266379917129882,2024,7,11
2024-07-11 09:56:49.843,1.2119805268433614,1.0189962000522366,-0.6204920836435911,-1.0855480270328168,2024,7,11
2024-07-11 09:34:32.417,-0.3552177463520645,0.9122904487183043,0.052729934397453125,-0.1677279563931594,2024,7,11
2024-07-11 08:54:44.101,1.1897536775144475,0.11086476369117598,-0.6204920836435911,-0.8560930093729014,2024,7,11
2024-07-11 08:31:18.427,1.1312448152363814,0.9701859877525968,-0.6204920836435911,0.750092114246498,2024,7,11
2024-07-11 08:25:19.305,-0.4222072363410861,-0.7349358152650861,0.1702782697119113,0.5206370965865826,2024,7,11
2024-07-11 07:43:17.513,0.08057041011766944,0.855469163734591,3.304070700991595,5.798102502764608,2024,7,11
2024-07-11 06:29:45.167,0.868987004970725,1.0094613912709716,-0.5563560959521804,-0.1677279563931594,2024,7,11
2024-07-11 06:19:16.643,1.2874845942139188,0.5280460172900064,-0.6204920836435911,-0.6266379917129882,2024,7,11
2024-07-11 05:51:47.193,-0.9325930039768839,-0.6717735366864113,0.695009715648559,-0.39718297405307273,2024,7,11
2024-07-11 05:22:00.425,-2.1721090567313825,-0.34845603483932547,-0.6204920836435911,0.9795471319064113,2024,7,11
2024-07-11 04:12:48.243,-0.870074685603286,-0.686653885084631,0.20145852370792616,-1.31500304469273,2024,7,11
2024-07-11 02:30:55.752,-0.30714501281037854,0.6781770412703376,-0.6204920836435911,0.5206370965865826,2024,7,11
2024-07-11 01:54:22.955,-0.34171256739522643,0.8980035131114973,1.2086058160793054,-0.8560930093729014,2024,7,11
2024-07-11 01:32:13.921,-1.7197942006231652,-0.2199210552380814,-0.6204920836435911,0.9795471319064113,2024,7,11
2024-07-11 01:24:40.217,0.6950866073573225,0.8440182266580187,-0.49912904013444814,-1.0855480270328168,2024,7,11
2024-07-11 01:19:26.988,0.8842338020283317,0.5630131474528393,-0.5909908158850344,-1.0855480270328168,2024,7,11
2024-07-11 01:18:57.513,-1.7174992028919378,-0.2204429046982805,-0.6204920836435911,1.2090021495663246,2024,7,11
2024-07-11 00:17:39.666,0.9185467340838274,0.9882295962069387,-0.5942136975132588,-0.39718297405307273,2024,7,11
2024-07-10 23:41:05.158,1.6088216212233901,0.5843776161084481,-0.6204920836435911,-0.6266379917129882,2024,7,10
2024-07-10 23:11:43.927,0.4402264303111104,-0.8949755463302148,-0.0854873004608871,-0.6266379917129882,2024,7,10
2024-07-10 22:48:43.321,-0.30644904456348265,0.6776567999748849,-0.6204920836435911,-0.39718297405307273,2024,7,10
2024-07-10 21:09:35.656,-0.8996041090740193,-0.6675923083458329,0.999099211552338,-0.1677279563931594,2024,7,10
2024-07-10 21:02:42.786,-0.30820424253248346,0.6777540939420406,-0.6204920836435911,1.8973672025460688,2024,7,10
2024-07-10 20:46:18.241,1.5290398953597164,1.1123244329434379,-0.38759546394651634,-0.8560930093729014,2024,7,10
2024-07-10 19:04:42.605,1.2568246467128619,0.5426899654705089,-0.6204920836435911,-0.39718297405307273,2024,7,10
2024-07-10 17:52:22.775,-0.6096908971536613,-0.7326361396777682,-0.12089396808912432,-0.39718297405307273,2024,7,10
2024-07-10 17:30:15.747,0.4963011012085699,0.8331663309494715,-0.488308906604162,0.5206370965865826,2024,7,10
2024-07-10 15:39:46.460,-0.758529647944696,-0.6903003986470393,0.21270966136813452,-1.0855480270328168,2024,7,10
2024-07-10 15:24:32.942,1.172772052290188,0.17155850938416328,-0.6204920836435911,-0.6266379917129882,2024,7,10
2024-07-10 15:23:36.513,0.004509568149595142,-0.767039608096996,-0.6204920836435911,0.2911820789266693,2024,7,10
2024-07-10 14:30:12.593,1.8734762782320151,-1.342106456083184,-0.6816046095280849,-1.0855480270328168,2024,7,10
2024-07-10 14:22:41.527,1.1364628796045715,0.4389368046109234,0.07858374929532468,-0.39718297405307273,2024,7,10
2024-07-10 14:09:18.054,1.131550362271604,1.0106248984649748,-0.5829175295708198,0.06172706126675392,2024,7,10
2024-07-10 10:25:41.773,-1.9348721536833975,0.06908062316845419,-0.6590894684127451,4.650827414465037,2024,7,10
2024-07-10 09:10:29.401,-0.705113236253673,-1.5360921326971964,-0.13819846226062832,0.06172706126675392,2024,7,10
2024-07-10 08:40:19.146,-0.31258375003734046,1.0481996677640568,0.4989607326111032,-0.1677279563931594,2024,7,10
2024-07-10 07:14:51.875,0.5333571666469528,0.4863527380754549,-0.6204920836435911,-0.39718297405307273,2024,7,10
2024-07-10 07:08:20.274,-0.34523993816851817,1.04485870550346,-0.3842953875487537,-1.0855480270328168,2024,7,10
2024-07-10 07:07:36.950,-0.5486663642855959,1.207801978018171,0.6024724856645123,-1.0855480270328168,2024,7,10
2024-07-10 06:56:21.903,-0.5721934859977347,-1.0305301650493914,-0.6204920836435911,0.5206370965865826,2024,7,10
2024-07-10 06:49:37.252,-0.582412336842401,-1.0313028882100252,-0.6204920836435911,0.2911820789266693,2024,7,10
2024-07-10 06:12:48.770,0.4732832245551356,-0.6890090423556992,-0.2924143131057828,-1.2232210376287644,2024,7,10
2024-07-10 03:50:45.932,2.479301359803115,-0.0762347514788532,-0.6204920836435911,0.9795471319064113,2024,7,10
2024-07-10 03:11:04.717,1.1731998181394996,0.1715641379607756,-0.6542647953166008,-1.0855480270328168,2024,7,10
2024-07-10 03:09:07.798,0.5568808933920335,1.0358803217244412,-0.6204920836435911,-0.6266379917129882,2024,7,10
2024-07-10 02:32:31.047,-2.082033790747766,-0.3387129687234047,-0.38919082251697473,-0.1677279563931594,2024,7,10
2024-07-10 00:48:05.302,1.0309439084739824,0.5589501192211195,-0.6204920836435911,-1.0855480270328168,2024,7,10
2024-07-10 00:32:47.648,1.196648855609304,1.007407764889849,-0.2950710997573929,-1.0855480270328168,2024,7,10
2024-07-09 23:21:37.243,0.4733714936986443,-0.955741659436789,-0.6204920836435911,-0.8560930093729014,2024,7,9
2024-07-09 20:58:30.884,-0.8194455418669044,-1.5358870916920335,-0.6384527333561708,1.43845716722624,2024,7,9
2024-07-09 19:59:41.509,0.6358206674253161,1.0183842933662406,0.19046470194617882,-0.1677279563931594,2024,7,9
2024-07-09 19:20:01.087,-0.08689652492076871,0.8966084301940159,-0.6223576239074335,0.06172706126675392,2024,7,9
2024-07-09 15:08:13.156,-1.2386764439946325,-1.576024471514466,-0.21249199504378805,0.750092114246498,2024,7,9
2024-07-09 14:41:51.715,1.119946364867262,0.09182489717645395,-0.1701570968494878,0.5206370965865826,2024,7,9
2024-07-09 09:46:47.638,-1.0623282751323915,-0.24236540652088198,-0.6204920836435911,0.5206370965865826,2024,7,9
2024-07-09 09:38:39.881,-1.0642294566848873,-0.2425479332195957,-0.6204920836435911,0.9795471319064113,2024,7,9
2024-07-09 09:31:02.280,-0.7042644944891658,-1.5440726502510886,0.8966939168623113,-1.0855480270328168,2024,7,9
2024-07-09 09:27:35.123,-1.071752703685479,-0.24002874314439726,-0.6204920836435911,0.5206370965865826,2024,7,9
2024-07-09 08:36:58.835,0.1380064628053984,0.6201761674451574,-0.6204920836435911,-0.6266379917129882,2024,7,9
2024-07-09 08:32:29.934,-1.174070220880347,-0.7042351461743899,-0.10353801073792805,-0.6266379917129882,2024,7,9
2024-07-09 07:40:27.940,0.14021998132723312,0.6210743274560085,-0.6202476335400532,-0.39718297405307273,2024,7,9
2024-07-09 07:36:41.056,-0.678231887088202,-0.7416555316578195,-0.6204920836435911,-0.39718297405307273,2024,7,9
2024-07-09 06:22:11.629,-0.7804848999089675,0.9480769388194156,-0.6326631256407976,-0.39718297405307273,2024,7,9
2024-07-09 05:40:16.991,-0.6702333446994865,-0.7372145847107013,-0.4790262355671805,-0.1677279563931594,2024,7,9
2024-07-09 04:34:32.501,2.185035800114364,-0.2882616243000879,-0.6204920836435911,-1.0855480270328168,2024,7,9
2024-07-09 04:09:20.117,-0.3441976832817034,0.8932827454985098,1.6733247615973803,-0.6266379917129882,2024,7,9
2024-07-09 03:56:43.588,-0.09815423568519177,0.8676357341233008,-0.6301671614257257,-0.39718297405307273,2024,7,9
2024-07-09 03:20:37.999,0.6223867827766967,0.8407142521865887,-0.592135871633186,-0.8560930093729014,2024,7,9
2024-07-09 02:57:28.490,-0.37879579257007356,0.8769928407000912,-0.6264167822056562,-0.39718297405307273,2024,7,9
2024-07-09 01:03:28.765,-0.668159019827031,-0.7358307589464446,-0.4824035067344814,1.8973672025460688,2024,7,9
2024-07-08 22:19:17.249,-0.9041941045364741,-1.5541108145979696,0.30353574062741523,-0.6266379917129882,2024,7,8
2024-07-08 21:20:53.000,1.1148674941484513,0.4381664936974092,0.7783543351600852,-0.8560930093729014,2024,7,8
2024-07-08 20:36:48.208,1.5324484422859772,-1.1715694296360841,-0.6204920836435911,1.43845716722624,2024,7,8
2024-07-08 20:19:42.955,-0.07151053421378278,0.8924682100544701,-0.6351462240609466,-0.1677279563931594,2024,7,8
2024-07-08 19:37:45.568,-0.6640273449174101,-0.7362520981099951,-0.4792385211834108,0.5206370965865826,2024,7,8
2024-07-08 19:33:32.537,-0.6673034881284078,-0.7367458046871328,-0.5205763202711747,1.6679121848861533,2024,7,8
2024-07-08 19:03:50.848,1.7648780719797938,1.1672231569728584,-0.22437998955268754,-1.31500304469273,2024,7,8
2024-07-08 18:48:19.524,-0.9335945192590024,-0.669853387979238,0.6685319096969193,-0.1677279563931594,2024,7,8
2024-07-08 18:42:39.120,-0.3813963373365235,0.8940466237530386,0.24806486581667955,-0.8560930093729014,2024,7,8
2024-07-08 18:36:50.510,0.15998887450613405,0.8807286074059233,-0.10063677398278002,-0.39718297405307273,2024,7,8
2024-07-08 15:24:55.048,0.16365883389586305,-0.7998421485112062,-0.48388307315063234,1.6679121848861533,2024,7,8
2024-07-08 13:49:05.013,0.180942611188287,0.8843228556140743,-0.3590141005249579,0.5206370965865826,2024,7,8
2024-07-08 09:09:59.566,-0.8685163957236509,-0.6875440042717503,0.13223411412444863,-0.6266379917129882,2024,7,8
2024-07-08 08:49:06.359,-2.0013354237784244,-0.37035843460259726,-0.4596696471054498,-0.6266379917129882,2024,7,8
2024-07-08 08:46:45.607,-2.0072528513605685,-0.37164094598783226,-0.4596696471054498,0.06172706126675392,2024,7,8
2024-07-08 08:45:58.165,0.32976099217697363,-0.8618505688843561,-0.3349164666340828,-1.31500304469273,2024,7,8
2024-07-08 08:39:07.471,-0.7011716794993017,-1.5675164759237623,3.0323708438065973,-0.39718297405307273,2024,7,8
2024-07-08 08:31:02.711,-1.3286057263947537,-1.57738739113702,-0.6204920836435911,-0.39718297405307273,2024,7,8
2024-07-08 08:29:47.393,0.5513335172192146,1.0341812956698946,-0.6204920836435911,0.2911820789266693,2024,7,8
2024-07-08 06:20:48.285,0.045931561224602915,0.8865686576823888,0.025145670082431057,-1.0855480270328168,2024,7,8
2024-07-08 06:08:49.105,0.2582154563960775,-0.8365034802343463,-0.5095889314068889,0.2911820789266693,2024,7,8
2024-07-08 05:07:46.456,-0.9154891599385354,1.2375079972132337,-0.6204920836435911,-0.6266379917129882,2024,7,8
2024-07-08 03:49:45.530,0.8724872160075525,0.9850824177982803,1.8950667370961698,-0.39718297405307273,2024,7,8
2024-07-08 03:22:33.470,-0.6660812999875174,-1.5211169025789406,-0.6204920836435911,0.2911820789266693,2024,7,8
2024-07-08 03:07:46.218,-0.33463745604629463,1.058052893165104,-0.2774771252001202,-0.39718297405307273,2024,7,8
2024-07-08 02:36:54.323,-0.22655867975395205,0.8849902439838204,-0.6223897883947412,-1.0855480270328168,2024,7,8
2024-07-08 01:45:49.570,1.7611436082159624,1.168590097007278,-0.21236333709455754,2.126822220205982,2024,7,8
2024-07-08 01:31:14.099,0.7875044006109789,0.9814495736362163,2.989656404662067,3.7330073438253817,2024,7,8
2024-07-07 21:05:38.282,-0.8478342564061402,-1.567883941568309,2.288817957818693,-0.1677279563931594,2024,7,7
2024-07-07 21:01:46.873,-0.6704268578217941,-1.5426405795444407,1.2191300363263615,-0.39718297405307273,2024,7,7
2024-07-07 20:11:04.550,1.1575625998702197,0.03581814763678031,-0.5334807125789952,0.2911820789266693,2024,7,7
2024-07-07 19:58:07.295,-1.0693320921731047,-0.7083520479251131,-0.5145036650674945,-0.39718297405307273,2024,7,7
2024-07-07 17:37:57.214,1.264626281012212,0.031322523088285405,-0.6241524022991992,-0.6266379917129882,2024,7,7
2024-07-07 17:25:34.116,1.7615068696911715,1.16900419942947,-0.343877492797988,2.126822220205982,2024,7,7
2024-07-07 14:19:46.585,0.09501259998252339,0.8916392011277132,-0.6204920836435911,-1.0855480270328168,2024,7,7
2024-07-07 13:49:03.958,-0.8190211709846509,-1.5713615978323479,3.081904154260345,-1.31500304469273,2024,7,7
2024-07-07 13:07:12.242,-0.8937070512942235,-1.5367522843255839,-0.6204920836435911,-0.8560930093729014,2024,7,7
2024-07-07 13:05:24.077,-0.35812723312079503,0.7475524643466374,-0.6135381214876818,-0.1677279563931594,2024,7,7
2024-07-07 12:37:53.760,0.24136962985413926,-0.6373861499146473,0.016905128434216748,-0.1677279563931594,2024,7,7
2024-07-07 12:17:45.800,0.530903737119683,-1.3821272439615042,-0.6408200396220122,-0.993766019968851,2024,7,7
2024-07-07 10:41:25.335,1.1142258453744838,0.4304714253859986,0.5814176122729389,-0.6266379917129882,2024,7,7
2024-07-07 09:59:27.156,-1.2573317879785002,-0.7116544142317968,-0.4773086519449531,-0.39718297405307273,2024,7,7
2024-07-07 09:56:18.501,-1.2578614028395525,-0.7116286835958547,-0.47647880817241633,-0.8560930093729014,2024,7,7
2024-07-07 09:45:53.295,-0.9823632210475841,-1.5630634677410462,0.14745434951841824,-0.6266379917129882,2024,7,7
2024-07-07 09:21:54.930,-0.49668262869306096,1.1991371863646956,-0.18749375550829936,-0.1677279563931594,2024,7,7
2024-07-07 08:26:43.273,0.8705181351138959,0.7144773400079163,-0.6204920836435911,-0.6266379917129882,2024,7,7
2024-07-07 07:59:39.416,0.8214608611253816,0.9922540284847453,1.703675171820858,-1.31500304469273,2024,7,7
2024-07-07 05:36:45.749,-0.7184215071211454,1.2128926235228252,-0.39932263601887763,0.5206370965865826,2024,7,7
2024-07-07 05:09:14.118,-1.6788101582986432,0.14560675078951602,-0.6204920836435911,0.750092114246498,2024,7,7
2024-07-07 04:11:12.407,0.14225696156205028,0.8888088311740909,-0.6204920836435911,-0.1677279563931594,2024,7,7
2024-07-07 03:54:39.503,-2.0082102320709327,-0.3729588369974876,-0.5234775570263227,-0.1677279563931594,2024,7,7
2024-07-07 03:01:11.522,-0.9236540557130944,-0.6699804329942017,0.5911634519271504,-0.6266379917129882,2024,7,7
2024-07-07 02:47:07.705,1.1046079036990886,0.4398526544339847,-0.03236443322360827,0.06172706126675392,2024,7,7
2024-07-07 01:47:25.807,0.39842759589266147,-0.9096798006887064,-0.6204920836435911,-1.0855480270328168,2024,7,7
2024-07-06 23:43:29.220,1.6283970012799835,1.2982845633906595,0.04009572378301666,-1.0855480270328168,2024,7,6
2024-07-06 23:04:27.894,1.15618424324466,0.03557772700719707,-0.6377065172506338,0.750092114246498,2024,7,6
2024-07-06 22:56:01.496,0.13457415110973145,0.8857219589434217,-0.18708205007076179,0.750092114246498,2024,7,6
2024-07-06 21:52:13.854,1.6532651349800436,-1.550633962416304,0.39308810618931395,-1.31500304469273,2024,7,6
2024-07-06 21:37:45.306,2.3739996665642393,-0.0634184825326074,-0.6204920836435911,-0.39718297405307273,2024,7,6
2024-07-06 21:31:05.130,0.29145218389417815,0.8671846439119423,-0.21250486083871115,0.9795471319064113,2024,7,6
2024-07-06 21:15:22.815,-0.8432103112731052,-0.6858176394165154,0.1744853846517492,-0.39718297405307273,2024,7,6
2024-07-06 20:33:40.800,-1.438517784898432,1.2785821330004303,0.3195021921269219,-0.8560930093729014,2024,7,6
2024-07-06 18:56:47.628,-0.4159469170860812,0.7702034647993472,-0.10889661432337891,-0.39718297405307273,2024,7,6
2024-07-06 18:49:15.217,-1.3347540117368437,-1.5766331618709692,-0.46275743788698204,-0.6266379917129882,2024,7,6
2024-07-06 16:32:57.351,-0.31335101259245496,1.0466944255614483,0.5756473032499504,0.06172706126675392,2024,7,6
2024-07-06 16:31:06.526,1.5153242284452808,-1.1718926707501058,-0.6204920836435911,-0.8560930093729014,2024,7,6
2024-07-06 16:02:02.067,0.5270730826225418,0.839168805865321,-0.4152440572361536,0.2911820789266693,2024,7,6
2024-07-06 15:59:31.876,0.5277113364294511,0.8398233289170961,-0.5352819238682224,2.126822220205982,2024,7,6
2024-07-06 15:51:19.692,1.0099867768247717,0.9945054591296721,-0.28517087056410495,0.5206370965865826,2024,7,6
2024-07-06 15:03:59.492,-0.6285635190292426,1.2139797428913754,0.02638078639504403,-0.39718297405307273,2024,7,6
2024-07-06 14:08:37.133,-1.5479952876186824,-0.7262083051865021,-0.4061865376103255,-0.39718297405307273,2024,7,6
2024-07-06 13:56:26.939,-0.3522132005057091,0.9243155006093329,-0.6204920836435911,-0.1677279563931594,2024,7,6
2024-07-06 12:26:46.691,0.5580012325211829,1.034182099752268,-0.3447137694679864,-0.6266379917129882,2024,7,6
2024-07-06 12:12:24.427,1.1370773686420745,1.002961993448492,-0.3606737880700315,-0.6266379917129882,2024,7,6
2024-07-06 11:52:54.046,-0.840243110064388,-0.6871491998265149,0.18050657667573708,-1.0855480270328168,2024,7,6
2024-07-06 09:30:49.467,-0.6576312269800841,-0.7239930582483689,-0.33008536064047705,-0.6266379917129882,2024,7,6
2024-07-06 08:55:21.053,-0.3250534640414797,1.0651215813078012,-0.6204920836435911,-0.6266379917129882,2024,7,6
2024-07-06 08:16:25.278,-0.7379765173753905,-0.6955076360958057,0.1682390412166078,-0.39718297405307273,2024,7,6
2024-07-06 06:58:35.432,-0.8784330945001525,-1.5784801390821825,3.016282167255322,-0.6266379917129882,2024,7,6
2024-07-06 06:31:40.188,-0.34574239329310646,1.050619955707353,-0.41363583287077216,-1.31500304469273,2024,7,6
2024-07-06 03:21:46.212,-0.006934865803019496,0.6292791839920203,-0.5317502631618447,0.06172706126675392,2024,7,6
2024-07-06 03:14:39.888,-2.164249707992046,-0.3502957753091799,-0.3263092498305615,0.06172706126675392,2024,7,6
2024-07-06 02:36:43.188,-0.8912185404406885,-0.6873389632665873,0.05540601974144778,-0.8560930093729014,2024,7,6
2024-07-06 00:23:04.930,-1.1028370220687895,-0.6926250007879261,0.007345842806389598,0.5206370965865826,2024,7,6
2024-07-06 00:21:53.585,-0.27255708842318244,0.6869946085747187,-0.3209763778349567,0.750092114246498,2024,7,6
2024-07-06 00:16:25.878,-0.9125423285321665,-0.6702586454953248,0.5868148132431589,0.750092114246498,2024,7,6
2024-07-05 23:44:03.424,1.3806153305497613,1.0096519587934172,0.8092708403601776,1.2090021495663246,2024,7,5
2024-07-05 23:36:21.369,-0.6944937792961593,-0.7278076250267733,-0.5618562232817849,-0.1677279563931594,2024,7,5
2024-07-05 22:44:36.507,0.7241848700116863,0.631389096139266,0.13950972115343416,-0.39718297405307273,2024,7,5
2024-07-05 22:12:52.498,-2.009941665270527,-0.3531743902051934,-0.47601563955518644,-0.39718297405307273,2024,7,5
2024-07-05 22:04:04.930,1.5254480202123224,-1.172619561215468,-0.6204920836435911,0.9795471319064113,2024,7,5
2024-07-05 21:17:41.122,1.050638112377607,0.06733254808914316,-0.6204920836435911,-1.0855480270328168,2024,7,5
2024-07-05 20:35:02.039,0.38576776373327254,0.851793703206748,-0.4836193243547098,-0.1677279563931594,2024,7,5
2024-07-05 19:16:21.845,1.121243242283429,0.4396854053003616,0.29156411845151603,-0.6266379917129882,2024,7,5
2024-07-05 19:08:36.402,-0.8169875857168917,-1.5695009512207905,2.8321983734963037,-0.39718297405307273,2024,7,5
2024-07-05 17:11:05.302,-0.4006831451931844,0.8294514703853423,0.573659537934339,-0.1677279563931594,2024,7,5
2024-07-05 16:57:17.298,-0.5052447356134093,-0.7479732068639587,-0.6141106493617576,-0.6266379917129882,2024,7,5
2024-07-05 16:42:02.783,-1.1613492793139137,-1.5658656948116068,-0.6149919563139866,0.750092114246498,2024,7,5
2024-07-05 14:35:13.827,1.5286630540162753,-1.169431374605777,-0.6204920836435911,-1.31500304469273,2024,7,5
2024-07-05 13:44:56.123,-0.044771773664749,0.6382800820774883,-0.4957839334544548,0.5206370965865826,2024,7,5
2024-07-05 12:51:47.038,-0.3817154642399782,0.8924867039490535,0.35115848053508975,-0.39718297405307273,2024,7,5
2024-07-05 12:04:43.502,-0.3422761319268592,1.0128666801214234,-0.6204920836435911,0.06172706126675392,2024,7,5
2024-07-05 10:20:58.890,-0.31384667778292713,1.052068912143838,0.2869645967665252,-0.8560930093729014,2024,7,5
2024-07-05 10:20:31.145,-1.326351468268223,-1.5757446508485964,-0.6204920836435911,0.06172706126675392,2024,7,5
2024-07-05 09:31:48.009,0.21461728943687333,0.8779818620191127,-0.2861744025681029,0.06172706126675392,2024,7,5
2024-07-05 07:53:59.688,-0.637244449796622,-0.7492114937186685,-0.6204920836435911,-1.0855480270328168,2024,7,5
2024-07-05 07:39:01.963,1.5238489907279908,-1.1717133603808847,-0.6204920836435911,-0.6266379917129882,2024,7,5
2024-07-05 07:18:43.127,1.5246264381842793,-1.1709760168446715,-0.6204920836435911,-0.39718297405307273,2024,7,5
2024-07-05 06:15:25.539,-1.2326130328289933,1.3087247689241341,1.6250137016613224,-1.31500304469273,2024,7,5
2024-07-05 05:36:30.556,-0.28120746448703954,0.6907842487995545,-0.2771940777118131,-0.39718297405307273,2024,7,5
2024-07-05 04:43:31.718,1.5188685740538626,-1.1724265814459027,-0.6204920836435911,-0.6266379917129882,2024,7,5
2024-07-05 04:34:23.153,-0.5388786742572993,1.2000827872355648,-0.6204920836435911,0.06172706126675392,2024,7,5
2024-07-05 04:06:15.018,-0.9134589696378344,-0.6961701999713128,-0.1584685221618956,-1.31500304469273,2024,7,5
2024-07-05 03:49:05.146,1.0994577386720592,0.4649512816306793,-0.3902072203158958,-0.1677279563931594,2024,7,5
2024-07-05 03:34:26.659,1.262168324862199,0.5419035729095308,-0.6204920836435911,-0.1677279563931594,2024,7,5
2024-07-05 03:26:39.755,-0.6373191390718985,-0.7563461166159668,-0.6204920836435911,-0.39718297405307273,2024,7,5
2024-07-05 03:24:51.616,-0.8265512079193585,-1.5690040283141604,3.4199078855812868,-0.8560930093729014,2024,7,5
2024-07-05 03:20:28.010,-0.9156724881596691,1.2403874161916204,-0.6204920836435911,0.750092114246498,2024,7,5
2024-07-05 03:04:11.797,-1.5155292176427544,0.5164318514916769,-0.6204920836435911,0.06172706126675392,2024,7,5
2024-07-05 02:50:20.355,1.5199040390065615,-1.1713394620773525,-0.6204920836435911,-0.39718297405307273,2024,7,5
2024-07-05 02:42:27.174,0.7033465622095062,0.6105923096391279,-0.4596696471054498,-0.39718297405307273,2024,7,5
2024-07-05 02:23:21.299,-1.2010262593210947,-0.7018011888307493,0.0618453501004349,-1.0855480270328168,2024,7,5
2024-07-05 00:01:24.583,1.529803762947773,-1.1725882020029135,-0.6204920836435911,-0.6266379917129882,2024,7,5
2024-07-04 23:13:17.778,1.528853172171525,-1.1729725533772977,-0.6204920836435911,-0.6266379917129882,2024,7,4
2024-07-04 21:45:08.277,1.5272745124895415,-1.1721363077091818,-0.6204920836435911,2.585732255525811,2024,7,4
2024-07-04 21:30:17.075,1.5311244051333464,-1.1734373129890003,-0.6204920836435911,-0.6266379917129882,2024,7,4
2024-07-04 21:10:56.932,-0.8117219918098892,-1.5321690147984115,-0.6204920836435911,1.2090021495663246,2024,7,4
2024-07-04 18:48:02.860,1.5278618417905805,-1.1741883259255579,-0.6204920836435911,0.06172706126675392,2024,7,4
2024-07-04 14:07:29.279,1.6547317607491119,-1.489432840745835,-0.4596696471054498,-0.6266379917129882,2024,7,4
2024-07-04 13:02:15.546,-0.6399196838383486,-1.5379551915558733,0.5003759700526388,-0.6266379917129882,2024,7,4
2024-07-04 13:00:20.222,0.18270120412434587,0.8832526219753608,-0.2768467012488907,-0.1677279563931594,2024,7,4
2024-07-04 12:29:47.154,-0.376948930490506,0.8998303882633809,0.2942852340777414,-0.1677279563931594,2024,7,4
2024-07-04 11:59:02.358,-0.9636263978543239,-1.582106550585261,2.4219339049900435,-0.8560930093729014,2024,7,4
2024-07-04 10:40:24.177,0.38170398816481227,-0.6284857621258276,0.3604540173669943,-0.6266379917129882,2024,7,4
2024-07-04 10:31:23.413,1.5200058880183023,-1.1706640328838744,-0.6204920836435911,-0.8560930093729014,2024,7,4
2024-07-04 10:13:05.468,-0.27170495169161724,0.8895124032506305,1.1374772688472166,-0.8560930093729014,2024,7,4
2024-07-04 08:42:30.294,1.0657660855881825,0.9933612499126255,-0.3785765417054574,1.2090021495663246,2024,7,4
2024-07-04 07:41:52.834,-0.46686463302239517,1.1630539898678778,-0.2277508278225269,-0.8560930093729014,2024,7,4
2024-07-04 06:59:09.123,-0.9920320872288498,-1.5498724964088948,-0.6204920836435911,0.2911820789266693,2024,7,4
2024-07-04 06:55:27.070,1.111523451596293,0.9955435294734581,-0.2821409758597263,-0.1677279563931594,2024,7,4
2024-07-04 05:47:29.621,0.5417053906426453,-1.0143640889364438,-0.6204920836435911,1.43845716722624,2024,7,4
2024-07-04 05:31:23.764,-0.9553969977056624,1.3121662414813795,2.547542660823794,-0.8560930093729014,2024,7,4
2024-07-04 04:58:01.716,-0.9882025643873934,-1.5507095461593836,-0.6204920836435911,0.9795471319064113,2024,7,4
2024-07-04 04:50:53.165,-1.2919400821680442,-1.5701755763318952,-0.6204920836435911,1.43845716722624,2024,7,4
2024-07-04 04:30:33.730,-0.0394314904824699,0.8866096658834214,-0.2565316110653927,-0.1677279563931594,2024,7,4
2024-07-04 04:09:59.792,-1.2847291721367913,-0.7157785527238787,-0.5769285020341395,-1.31500304469273,2024,7,4
2024-07-04 02:44:22.917,1.520056812524173,-1.1694064480522082,-0.6204920836435911,-1.31500304469273,2024,7,4
2024-07-04 02:16:41.706,1.4859441835251006,1.096277361021722,-0.17296827304017448,0.2911820789266693,2024,7,4
2024-07-04 01:55:13.256,1.5215845477002856,-1.17094787396161,-0.6204920836435911,0.750092114246498,2024,7,4
2024-07-04 01:53:46.026,1.5243887904902171,-1.1694755991363024,-0.6204920836435911,-0.6266379917129882,2024,7,4
2024-07-04 01:51:42.302,1.5239338649044414,-1.1697497912255594,-0.6204920836435911,-0.6266379917129882,2024,7,4
2024-07-04 01:49:35.973,1.5200703923924048,-1.1727691205368809,-0.6204920836435911,-0.1677279563931594,2024,7,4
2024-07-04 01:48:12.978,1.5197954000607046,-1.1754467148395973,-0.6204920836435911,0.06172706126675392,2024,7,4
2024-07-04 01:46:50.426,1.5153310183793969,-1.1713732335370264,-0.6204920836435911,-0.39718297405307273,2024,7,4
2024-07-04 01:43:24.684,1.5293861819996355,-1.1683305858368824,-0.6204920836435911,-0.8560930093729014,2024,7,4
2024-07-04 01:36:34.263,-0.1027068865100082,0.4068764322271658,-0.6204920836435911,-0.6266379917129882,2024,7,4
2024-07-04 01:29:15.702,1.5208580247498673,-1.170154244659273,-0.6204920836435911,-0.39718297405307273,2024,7,4
2024-07-04 01:01:08.572,0.8212741379371901,1.0150947923775278,-0.6204920836435911,-0.1677279563931594,2024,7,4
2024-07-03 23:50:35.311,-0.9047984086728033,-0.6867543953812796,-0.044676998964968385,1.6679121848861533,2024,7,3
2024-07-03 20:51:44.490,-0.3393157206522582,0.9135174784197895,0.2891839463907515,0.06172706126675392,2024,7,3
2024-07-03 20:43:27.121,0.523185845341099,0.6361798189187209,-0.43000112401289353,-0.1677279563931594,2024,7,3
2024-07-03 18:19:20.099,-0.3296095098333542,1.0852831427331207,-0.6204920836435911,0.06172706126675392,2024,7,3
2024-07-03 17:14:27.126,0.7801746667326951,-1.0280085627270734,-0.6204920836435911,1.6679121848861533,2024,7,3
2024-07-03 16:11:18.335,-0.7605869979818615,-1.564698971288111,2.514052996639091,-0.39718297405307273,2024,7,3
2024-07-03 15:36:19.033,-1.297830350013724,-1.578700457652436,-0.3462576648587525,0.06172706126675392,2024,7,3
2024-07-03 13:05:28.283,-0.5066095123707368,1.2064663971963054,-0.6204920836435911,0.5206370965865826,2024,7,3
2024-07-03 12:47:28.285,-1.959248017160043,-0.1545314684856753,-0.6204920836435911,1.43845716722624,2024,7,3
2024-07-03 12:38:10.052,-0.8987146277048158,-1.5773680931600633,2.654901286559195,-0.39718297405307273,2024,7,3
2024-07-03 10:06:08.431,-0.8361385948912314,-0.6889575810838151,-0.04582848761058149,-1.0855480270328168,2024,7,3
2024-07-03 08:26:03.396,1.1019835941632325,0.46549403723258137,-0.3781519704729967,-1.31500304469273,2024,7,3
2024-07-03 08:12:58.872,1.1003743797777268,0.4655302209393748,-0.364681483188562,0.06172706126675392,2024,7,3
2024-07-03 07:50:22.723,1.3707835059497102,1.1237890394203545,-0.6204920836435911,0.9795471319064113,2024,7,3
2024-07-03 06:34:17.392,0.7393060532881459,0.7220075714328232,-0.6254518475864274,-0.39718297405307273,2024,7,3
2024-07-03 05:58:13.639,1.6428697458483599,-1.5091883405726942,-0.40226890305625634,-0.6266379917129882,2024,7,3
2024-07-03 05:50:39.629,1.6418376758627191,-1.5087372503613359,-0.4095895403674726,0.06172706126675392,2024,7,3
2024-07-03 05:11:43.140,-0.33767934653028836,1.0526735820884756,-0.30098293252453495,-0.39718297405307273,2024,7,3
2024-07-03 04:52:59.577,-0.8361657546276956,-1.5724816845781988,3.2985191104822986,-0.1677279563931594,2024,7,3
2024-07-03 04:28:18.101,-0.021023979093838466,0.904990184852129,-0.6204920836435911,-0.8560930093729014,2024,7,3
2024-07-03 04:12:45.168,-1.2028188019277337,-0.7122671250001661,-0.43124267322296794,-0.8560930093729014,2024,7,3
2024-07-03 03:37:26.165,-0.14778186413945482,0.8514407110449184,-0.6204920836435911,0.06172706126675392,2024,7,3
2024-07-03 03:06:10.217,2.7213081915676303,-0.1614369279066151,-0.6204920836435911,-0.6266379917129882,2024,7,3
2024-07-03 02:01:20.125,-1.0927743397087926,-1.5603842652735835,-0.38654046876282616,0.2911820789266693,2024,7,3
2024-07-03 01:57:15.999,-1.1395671706696016,-1.5692725918268051,0.010536559947306292,0.06172706126675392,2024,7,3
2024-07-03 01:04:35.103,1.0556626636234892,0.06529259110836486,-0.6204920836435911,0.5206370965865826,2024,7,3
2024-07-03 00:22:11.658,1.0547494174848795,0.06508352969133593,-0.6204920836435911,0.5206370965865826,2024,7,3
2024-07-02 23:49:23.450,-1.332041433057479,-1.5777749588408965,-0.4414452485969476,0.2911820789266693,2024,7,2
2024-07-02 21:47:46.749,-0.9497545624552187,-0.6753661767298159,0.8282736194615242,-1.31500304469273,2024,7,2
2024-07-02 21:02:46.678,0.2161552095141603,0.8793568428772642,-0.30767957878198315,0.9795471319064113,2024,7,2
2024-07-02 21:02:43.500,1.0821094570055325,1.012869092368543,-0.6194370884599009,0.2911820789266693,2024,7,2
2024-07-02 20:33:29.465,-0.8586608063541936,-0.6865879503300296,0.26565240747649077,-0.8560930093729014,2024,7,2
2024-07-02 15:36:00.552,-0.31457659570040325,1.098409787475417,-0.5120784627244992,0.06172706126675392,2024,7,2
2024-07-02 14:47:35.623,-1.3277400097949568,-1.5772611502044294,-0.6204920836435911,1.2090021495663246,2024,7,2
2024-07-02 11:53:52.061,0.7725122260827244,0.8717638930272487,0.7926096359348261,0.06172706126675392,2024,7,2
2024-07-02 11:35:10.650,-1.3294544681592613,-1.5774235748438135,-0.6204920836435911,0.5206370965865826,2024,7,2
2024-07-02 11:21:48.001,-1.0401795100458124,1.301218659970423,3.2412663230747194,0.06172706126675392,2024,7,2
2024-07-02 10:23:55.205,-0.8301023434620564,-1.568015811077512,3.024567739185767,-0.39718297405307273,2024,7,2
2024-07-02 09:38:45.183,-0.35212832632925833,0.9013187447361519,0.6639452538068515,-0.6266379917129882,2024,7,2
2024-07-02 09:16:11.155,-0.4219254540752697,-0.7373102705131108,0.16312488773469477,-0.1677279563931594,2024,7,2
2024-07-02 09:00:48.104,-0.02021258196696961,0.884523072124998,-0.332581324855549,-0.1677279563931594,2024,7,2
2024-07-02 08:44:56.726,-1.3250240361485335,-1.5775747423299729,-0.6204920836435911,-0.6266379917129882,2024,7,2
2024-07-02 08:31:06.571,-0.01826047590860312,0.8866675598142909,-0.4596696471054498,-0.39718297405307273,2024,7,2
2024-07-02 08:16:03.531,-0.3384907436571572,0.9113126845525075,0.3755777592990411,0.750092114246498,2024,7,2
2024-07-02 08:15:55.370,-0.6633449565387463,-0.7353925340530572,-0.4596696471054498,-0.6266379917129882,2024,7,2
2024-07-02 07:12:31.692,-0.8457836963030908,-0.687880110703743,0.04446366115939259,-1.0855480270328168,2024,7,2
2024-07-02 06:39:10.250,1.1082642832205856,0.4357228873652904,0.08620029988977103,-1.0855480270328168,2024,7,2
2024-07-02 05:55:16.799,-0.7276320527495771,-1.5718183166203188,2.87616079474837,-0.6266379917129882,2024,7,2
2024-07-02 05:28:15.638,-0.2719459943527373,0.9660425512835584,-0.6204920836435911,-0.6266379917129882,2024,7,2
2024-07-02 04:20:45.031,0.8291334866765264,0.9099184057173991,-0.6204920836435911,0.2911820789266693,2024,7,2
2024-07-02 04:19:38.577,1.777792526668535,-1.3338654158403787,-0.6112287112989941,-0.8560930093729014,2024,7,2
2024-07-02 04:14:53.693,0.7880883349449599,0.9932792335105601,2.3511656000157997,1.6679121848861533,2024,7,2
2024-07-02 01:28:49.855,1.4053918001392545,1.070594970022093,-0.3341766834260073,-0.39718297405307273,2024,7,2
2024-07-01 22:40:59.768,0.3490308251983444,0.2855307531245969,-0.6204920836435911,0.06172706126675392,2024,7,1
2024-07-01 21:49:27.361,-0.9277789406885992,-1.5811585374672723,2.669561859874012,-0.39718297405307273,2024,7,1
2024-07-01 20:52:41.827,-0.3131439196019152,1.04886383980431,0.6272198421990015,-0.39718297405307273,2024,7,1
2024-07-01 20:04:30.091,-0.8428368648967219,-1.569384359276678,2.7815135743969432,-0.6266379917129882,2024,7,1
2024-07-01 18:50:04.032,-0.3770168298316665,-0.24584225870254753,-0.6204920836435911,0.2911820789266693,2024,7,1
2024-07-01 18:49:41.806,-0.3008982734236058,1.036927236974332,0.06934610854057388,-1.0855480270328168,2024,7,1
2024-07-01 18:34:09.351,-1.2329219748312739,-0.691832979650336,-0.6311771263271853,-0.39718297405307273,2024,7,1
2024-07-01 18:15:08.572,-0.8415128277440909,-1.572460778436496,2.9298240253724166,-1.31500304469273,2024,7,1
2024-07-01 17:24:40.762,-2.229470420143835,1.1125061555597784,-0.6204920836435911,0.06172706126675392,2024,7,1
2024-07-01 17:07:41.671,-0.9192847331094116,-0.6825168812745781,0.12364619601331193,-0.39718297405307273,2024,7,1
2024-07-01 15:50:59.651,1.159854202634389,0.4540455124031286,-0.6204920836435911,0.06172706126675392,2024,7,1
2024-07-01 15:46:23.572,-0.31409451037816316,1.1001425849896376,-0.4172961515263803,0.9795471319064113,2024,7,1
2024-07-01 15:33:10.048,-0.8415977019205415,-0.6803032425011911,0.5274713341605848,-0.1677279563931594,2024,7,1
2024-07-01 11:23:52.311,0.2408773596307251,0.8732152617108534,-0.07347708090021866,0.5206370965865826,2024,7,1
2024-07-01 10:52:23.070,0.2391730861675947,0.8733800985973569,-0.24833609969940898,0.5206370965865826,2024,7,1
2024-07-01 10:42:03.283,0.3750091131263797,1.0476038427255243,-0.6204920836435911,0.9795471319064113,2024,7,1
2024-07-01 09:29:51.766,-0.7223732487766908,-1.5736258937952456,2.7675477540079707,-0.6266379917129882,2024,7,1
2024-07-01 09:02:28.556,1.1513667849893174,0.971844809688484,-0.6204920836435911,-0.8560930093729014,2024,7,1
2024-07-01 08:08:04.192,-2.2509945112917364,1.1954376033656569,-0.6204920836435911,1.2090021495663246,2024,7,1
2024-07-01 06:53:06.740,-0.949785117158741,-0.6734066279863564,0.4774040932175307,-0.8560930093729014,2024,7,1
2024-07-01 06:51:33.735,-0.9036984393460019,1.3063414687700046,2.9120885270709906,-0.39718297405307273,2024,7,1
2024-07-01 05:24:27.894,-0.412358436905745,0.845703583312221,0.6342831636117569,-0.1677279563931594,2024,7,1
2024-07-01 04:41:49.721,0.7400902906785505,0.9995165004793806,0.2946326105406638,0.06172706126675392,2024,7,1
2024-07-01 04:33:48.066,-0.34520598849793793,1.0132060028829089,-0.6204920836435911,-0.1677279563931594,2024,7,1
2024-07-01 04:23:41.598,0.30414596572414737,0.8364059788310465,-0.6204920836435911,0.750092114246498,2024,7,1
2024-07-01 03:43:35.805,1.1028934453347843,0.4661622296847007,-0.4596696471054498,-1.0855480270328168,2024,7,1
2024-07-01 02:38:57.807,-0.3440584896323242,1.054308281553167,-0.3274350068863285,-0.8560930093729014,2024,7,1
2024-07-01 02:27:36.825,1.0455388718564478,0.23178749546544786,-0.6356737216527917,0.750092114246498,2024,7,1
2024-07-01 02:22:00.512,-0.44883735794426294,0.7288639818289985,-0.6204920836435911,-0.6266379917129882,2024,7,1
2024-07-01 02:17:39.077,-0.40396947330535615,-0.7349406397593253,0.145627406639345,0.06172706126675392,2024,7,1
2024-06-30 23:53:20.345,0.5196992141725035,1.03058865562649,3.1267221508747944,1.43845716722624,2024,6,30
2024-06-30 21:36:37.072,0.0792395830309222,0.8612127241262738,2.7253865440451315,-0.39718297405307273,2024,6,30
2024-06-30 21:36:29.333,-0.4435446043007963,0.728857549170013,-0.554381196431492,1.43845716722624,2024,6,30
2024-06-30 20:58:34.649,-0.02503683015642835,0.8771576775865947,-0.6204920836435911,-0.6266379917129882,2024,6,30
2024-06-30 20:30:02.978,-0.342018114430449,0.9135560743737023,0.1026556515963537,-0.8560930093729014,2024,6,30
2024-06-30 17:38:43.188,-1.104894372105955,-0.7027009570063467,-0.11310372926321677,0.06172706126675392,2024,6,30
2024-06-30 17:02:28.639,1.4154307177298453,1.0828379282362555,-0.42082137933529634,-0.39718297405307273,2024,6,30
2024-06-30 16:08:15.490,0.9684255901003848,0.9277955691204911,-0.48038357693156236,-0.8560930093729014,2024,6,30
2024-06-30 15:09:29.898,-1.2424143027255221,-1.581140043572689,-0.6160340857027539,-0.6266379917129882,2024,6,30
2024-06-30 14:58:39.995,-0.9713567378454553,1.3109697669100755,2.5272340035377567,-0.8560930093729014,2024,6,30
2024-06-30 14:33:33.213,-0.7977483073990432,-1.5428745675150384,-0.6002670540245544,0.06172706126675392,2024,6,30
2024-06-30 14:14:08.828,-0.972867498186278,1.310566117558735,2.5774492011224264,-0.6266379917129882,2024,6,30
2024-06-30 14:05:20.099,-1.0386755396391056,-1.5550845583519002,-0.6204920836435911,0.2911820789266693,2024,6,30
2024-06-30 13:26:08.902,-1.0259885477432524,-1.5602379222816631,0.02429652761750973,-1.0855480270328168,2024,6,30
2024-06-30 13:25:54.966,-1.0066779751171855,1.312492698924894,2.5365038087798157,-0.39718297405307273,2024,6,30
2024-06-30 13:18:50.640,-0.311225763214129,1.0464306865430428,0.7172032118908224,0.06172706126675392,2024,6,30
2024-06-30 12:40:58.520,0.2220488723268981,0.619059297028799,-0.6169604229372135,-0.6266379917129882,2024,6,30
2024-06-30 11:54:05.699,-0.009358872282451953,0.8656327649316891,1.4150953916968176,-1.31500304469273,2024,6,30
2024-06-30 10:23:03.414,-0.3799398964686292,0.8958027396560815,0.30828321895402117,-0.8560930093729014,2024,6,30
2024-06-30 09:27:45.700,-1.1815255685397779,-1.5744267598389412,0.40769078342697707,-0.39718297405307273,2024,6,30
2024-06-30 09:16:55.021,0.10181271899975478,-0.722245787251431,0.3483087069596338,0.5206370965865826,2024,6,30
2024-06-30 07:07:08.979,0.9219043565042178,0.9122735629884672,0.3126640221253202,-0.6266379917129882,2024,6,30
2024-06-30 06:45:58.140,1.0478780041594296,0.9961449830886028,-0.40471340409163614,-0.39718297405307273,2024,6,30
2024-06-30 05:47:08.744,-1.5389918349807905,0.546913006094493,-0.6204920836435911,0.06172706126675392,2024,6,30
2024-06-30 05:05:33.664,1.2119907117445352,-1.0730781838266419,-0.6359310375512527,-1.0855480270328168,2024,6,30
2024-06-30 02:52:08.127,0.20911404783580886,0.8628184766255306,3.2080532734808624,-0.6266379917129882,2024,6,30
2024-06-30 01:52:34.235,-0.8803987804267511,-1.5368158068330657,-0.6204920836435911,-0.1677279563931594,2024,6,30
2024-06-30 01:40:40.903,0.6084945775752433,1.015254000687419,1.304558914615422,-1.31500304469273,2024,6,30
2024-06-30 01:35:27.001,-0.7144731604326581,-1.530248062008865,-0.6204920836435911,-0.39718297405307273,2024,6,30
2024-06-30 00:46:47.492,-0.21118966388225627,0.9084501513039578,-0.5112872163367317,0.06172706126675392,2024,6,30
2024-06-29 22:08:46.267,-1.9589390751577627,-0.07727845039925141,-0.6204920836435911,2.3562772378658954,2024,6,29
2024-06-29 19:52:00.348,0.10542835891655533,0.8876421076505949,-0.28498431653772066,-0.39718297405307273,2024,6,29
2024-06-29 19:44:27.486,-1.1362367079856757,-1.5769837417856793,1.4760856925295425,-1.0855480270328168,2024,6,29
2024-06-29 17:54:45.535,-0.6674834213824833,-0.737246748005629,-0.5581251427541,-0.8560930093729014,2024,6,29
2024-06-29 16:59:54.933,-0.6553837587876692,-1.5301555925359485,-0.22906957180213972,-1.0855480270328168,2024,6,29
2024-06-29 16:40:33.061,1.6492726537198017,-1.543347367950473,-0.02872984615784629,0.9795471319064113,2024,6,29
2024-06-29 15:28:06.374,-0.6729934529176639,-0.7365238779521328,-0.5002097669079844,-0.8560930093729014,2024,6,29
2024-06-29 14:59:00.038,1.3841019617183568,1.054453820462714,-0.1875194870981455,-0.8560930093729014,2024,6,29
2024-06-29 14:46:47.923,0.10520429109072542,-0.7224653017393113,0.2917442395804387,-0.6266379917129882,2024,6,29
2024-06-29 14:14:23.855,-0.7318010722968364,-1.5710335322240871,2.9398336138225507,0.06172706126675392,2024,6,29
2024-06-29 12:52:47.284,-0.6682133392999594,-0.7343769780157204,-0.5445388633153577,1.8973672025460688,2024,6,29
2024-06-29 12:35:32.855,-0.6701620503912679,-0.7343343616499415,-0.569028903951386,3.503552326165466,2024,6,29
2024-06-29 12:19:40.265,1.3474702671622274,1.0477341040699808,-0.5000167799841386,0.9795471319064113,2024,6,29
2024-06-29 12:11:58.961,0.2586601970806792,0.980166258168608,-0.6204920836435911,-0.6266379917129882,2024,6,29
2024-06-29 12:09:04.730,0.7371570391404138,0.848648132962836,0.8852562251757186,0.5206370965865826,2024,6,29
2024-06-29 10:52:35.517,1.7661036550877425,1.1884155520006048,-0.6204920836435911,0.2911820789266693,2024,6,29
2024-06-29 10:46:55.306,-0.3483599128948466,1.0289225969492442,-0.6204920836435911,0.5206370965865826,2024,6,29
2024-06-29 10:22:30.224,-0.6439019801974162,-1.5702519641573482,2.0218977434476098,-0.1677279563931594,2024,6,29
2024-06-29 10:15:07.788,-0.7178884972930349,-0.695825248633215,0.4677161496404731,-0.8560930093729014,2024,6,29
2024-06-29 10:02:23.104,-0.34727012846921934,0.6970070422856575,-0.5464494338614309,0.750092114246498,2024,6,29
2024-06-29 09:51:48.772,-0.9399668724269221,-0.6995473459387028,-0.3864246766085187,0.750092114246498,2024,6,29
2024-06-29 09:33:32.973,-0.06537243377286694,0.8881776265111383,0.06488167770227506,-0.8560930093729014,2024,6,29
2024-06-29 09:21:49.993,-0.8519523514475289,-0.6829390245205018,0.48002871538183306,-0.39718297405307273,2024,6,29
2024-06-29 06:32:16.837,-0.521666191273094,1.203861974389549,0.8495343455718666,-0.1677279563931594,2024,6,29
2024-06-29 04:30:14.148,0.9881876933451695,0.26295372825022023,-0.6204920836435911,-0.6266379917129882,2024,6,29
2024-06-29 03:31:56.399,0.07661866846212405,-0.7994015113706991,-0.6204920836435911,0.5206370965865826,2024,6,29
2024-06-29 02:51:09.906,0.25889784477474126,0.845823391585826,-0.6056642549947745,0.5206370965865826,2024,6,29
2024-06-29 02:17:54.030,-0.30892058058172756,1.0842844724256209,-0.2857176668483346,-0.39718297405307273,2024,6,29
2024-06-28 22:46:44.973,0.21793756721962537,0.6183388392224225,-0.6204920836435911,0.9795471319064113,2024,6,28
2024-06-28 22:33:35.217,-1.2970427176562613,-1.571061675107149,-0.6204920836435911,0.06172706126675392,2024,6,28
2024-06-28 21:59:46.139,-0.24194806542799596,0.6823663104346478,-0.21799855527085404,-0.1677279563931594,2024,6,28
2024-06-28 21:07:55.822,0.23990979401918688,0.8736944948052734,-0.05471875190240988,-0.1677279563931594,2024,6,28
2024-06-28 19:53:50.891,1.501275854759158,1.102598252557354,-0.2648622132780684,-0.8560930093729014,2024,6,28
2024-06-28 18:49:19.599,-0.9751489160492732,1.3103466030708548,2.5531071171280133,-0.6266379917129882,2024,6,28
2024-06-28 18:30:39.570,-0.8263475098958768,-1.5470646407617217,-0.6204920836435911,2.585732255525811,2024,6,28
2024-06-28 14:14:18.977,-0.7985868642623762,-1.5629123002548868,2.8964887507267907,-1.0855480270328168,2024,6,28
2024-06-28 14:12:35.326,0.6688808566363992,0.8480402466887057,-0.6204920836435911,0.5206370965865826,2024,6,28
2024-06-28 12:35:24.989,-0.6671473196437385,-0.7359690611146329,-0.5469383340685068,-0.39718297405307273,2024,6,28
2024-06-28 12:13:59.803,1.3008234197849133,1.0088583294910805,-0.3131539745217415,-0.6266379917129882,2024,6,28
2024-06-28 12:06:07.986,-1.1448463444448362,-1.5525685846061947,-0.6204920836435911,0.9795471319064113,2024,6,28
2024-06-28 11:40:09.198,-0.6581981864787749,-0.7340754471257749,-0.5191160525474083,-0.6266379917129882,2024,6,28
2024-06-28 11:22:17.501,-0.6647912125054666,-0.7359569998790352,-0.49186629890038563,0.2911820789266693,2024,6,28
2024-06-28 11:06:36.965,-0.6626252235224442,-0.7335905854547424,-0.5275881785042376,6.027557520424523,2024,6,28
2024-06-28 09:32:05.522,0.17417983680869387,0.8850947746923349,-0.4596696471054498,-0.39718297405307273,2024,6,28
2024-06-28 09:13:23.250,1.1897638624156217,0.2551782517014909,-0.6204920836435911,0.5206370965865826,2024,6,28
2024-06-28 08:00:59.760,0.7985957579895586,0.9014280999389057,-0.4428797847308678,0.5206370965865826,2024,6,28
2024-06-28 07:45:10.272,-0.6745687176325891,-1.5363647166217074,0.44503375319113353,-0.6266379917129882,2024,6,28
2024-06-28 07:16:52.548,1.1508575399306131,1.0064718130074581,-0.415346983595538,-0.1677279563931594,2024,6,28
2024-06-28 04:19:25.859,-0.790371043981947,-1.56307954938851,2.9600586434415876,-0.8560930093729014,2024,6,28
2024-06-28 03:34:46.655,-0.5823308576330083,-1.0294149027977795,-0.6204920836435911,0.5206370965865826,2024,6,28
2024-06-28 02:32:13.053,-1.2590530362769206,-1.5752420993653538,-0.4596696471054498,-0.1677279563931594,2024,6,28
2024-06-28 02:31:50.595,-0.14507607539420597,-0.28734094998278753,-0.6204920836435911,0.5206370965865826,2024,6,28
2024-06-28 01:13:30.461,-0.9225710612215833,-1.58122608038662,2.7830381710953245,-0.39718297405307273,2024,6,28
2024-06-28 00:57:45.635,1.6357063653559192,-1.5055940923645432,-0.45348763264492364,0.750092114246498,2024,6,28
2024-06-28 00:57:45.621,0.7992170369611779,0.9018293370431264,-0.4451441646373248,0.750092114246498,2024,6,28
2024-06-28 00:11:27.837,0.5162261628721402,1.0332951968946413,0.646891642636347,-1.31500304469273,2024,6,28
2024-06-27 22:39:24.965,-1.2617893797256916,-1.5751689278693937,-0.43995924928333524,-0.1677279563931594,2024,6,27
2024-06-27 22:07:51.299,-1.2595147517968124,-1.576340475887129,-0.4982670318746037,3.0446422908456396,2024,6,27
2024-06-27 21:49:08.767,1.0291208111638213,1.0036149083355206,-0.6204920836435911,0.06172706126675392,2024,6,27
2024-06-27 21:45:50.334,-2.0394405340377384,-0.34503788067090263,-0.4596696471054498,-0.1677279563931594,2024,6,27
2024-06-27 21:43:18.474,0.7216250648499326,1.0123255326842677,-0.6204920836435911,0.5206370965865826,2024,6,27
2024-06-27 20:32:23.121,-0.7912639203182085,0.40271289369879765,-0.6204920836435911,1.6679121848861533,2024,6,27
2024-06-27 19:02:24.106,-0.3416480630211238,1.0660784393318952,-0.4683926560632785,-0.1677279563931594,2024,6,27
2024-06-27 17:43:12.698,0.26424831285819445,-0.8318759861766486,-0.3173482236666562,-0.39718297405307273,2024,6,27
2024-06-27 17:12:45.315,-0.8538060034612126,-0.6870961303898846,0.0021480616574769172,0.5206370965865826,2024,6,27
2024-06-27 17:07:46.888,1.9436332724861776,-1.2605507932178304,-0.6204920836435911,-0.6266379917129882,2024,6,27
2024-06-27 17:01:52.367,-0.7329112265248117,-1.5699922455508084,3.181922843992146,-0.1677279563931594,2024,6,27
2024-06-27 16:41:59.571,1.538107852371711,1.1234095125402097,-0.4910428880253104,0.06172706126675392,2024,6,27
2024-06-27 16:12:02.720,-0.3456099895778433,1.0666396888283802,-0.5377650222883712,1.43845716722624,2024,6,27
2024-06-27 15:15:10.686,1.1474999175102227,1.002595331886318,-0.4186534928907622,0.06172706126675392,2024,6,27
2024-06-27 14:27:16.415,1.1174340892443209,0.4317161448996939,0.7992998492948128,-1.0855480270328168,2024,6,27
2024-06-27 14:09:41.347,-1.2501446427166534,-0.6972026417384863,0.06303543613081716,-0.1677279563931594,2024,6,27
2024-06-27 13:55:15.468,-0.7395993116291283,1.2185782899836386,-0.05808315727478777,0.5206370965865826,2024,6,27
2024-06-27 12:43:09.044,-0.3347257251898034,0.7039575303194958,-0.39159672616758534,-0.6266379917129882,2024,6,27
2024-06-27 12:26:38.359,-0.3439498506864673,0.9033747833643941,0.6301725421338419,-0.39718297405307273,2024,6,27
2024-06-27 11:18:06.938,-0.7114855894215928,-1.5367804272086454,0.33871725684449916,-1.31500304469273,2024,6,27
2024-06-27 09:16:30.871,-0.1381876872334658,0.8561293153629784,-0.6204920836435911,0.2911820789266693,2024,6,27
2024-06-27 08:23:24.331,0.12783514149954453,-0.4130077677588694,-0.6204920836435911,0.2911820789266693,2024,6,27
2024-06-27 07:23:08.656,0.32811782812088774,0.833877943849743,-0.6204920836435911,0.2911820789266693,2024,6,27
2024-06-27 06:58:17.814,0.745237060738522,0.7213948606644538,-0.6204920836435911,-0.6266379917129882,2024,6,27
2024-06-27 06:22:58.210,-0.948233617213222,-1.5819891545587754,2.615551252787043,-0.6266379917129882,2024,6,27
2024-06-27 05:55:13.888,-2.017658425393426,-0.3592805917471842,-0.08425861704573567,-1.0855480270328168,2024,6,27
2024-06-27 05:41:17.506,1.290692838083756,0.2538482994562377,-0.40815500423355233,-0.6266379917129882,2024,6,27
2024-06-27 05:11:18.226,0.032283793651327664,-0.7196767440690948,-0.6186780065594409,-0.39718297405307273,2024,6,27
2024-06-27 05:00:39.588,-0.32758950443382717,0.8832413648221362,-0.6219073210851268,0.06172706126675392,2024,6,27
2024-06-27 02:43:04.857,-1.1426396158571175,-1.5655521026860635,-0.3023338409914554,-0.39718297405307273,2024,6,27
2024-06-27 02:28:48.660,1.110698474601192,0.4262837643864348,0.36716996231682697,-1.0855480270328168,2024,6,27
2024-06-27 02:16:11.951,-1.1785413924957708,-0.7112845363401302,-0.24266228413834343,0.06172706126675392,2024,6,27
2024-06-27 01:20:41.370,1.24048467026257,0.06763729530858147,-0.6298583823475725,-1.0855480270328168,2024,6,27
2024-06-27 01:11:27.959,-0.13355016223219865,0.854845195812997,-0.21596575967301193,-0.8560930093729014,2024,6,27
2024-06-27 01:05:26.468,-1.1495076342155095,-1.5624202018424957,-0.48175378409086733,-0.6266379917129882,2024,6,27
2024-06-27 00:11:33.047,-0.4022516199739936,0.8608870707651327,0.4063656065499029,-0.8560930093729014,2024,6,27
2024-06-26 22:46:52.927,-0.7472006428720543,-1.5655995435460817,3.443304333648856,-0.8560930093729014,2024,6,26
2024-06-26 22:46:39.538,-0.7456185882230131,-1.5654974250846867,3.4264244107098127,-0.8560930093729014,2024,6,26
2024-06-26 22:19:38.755,-0.2122149439337809,0.9363059769583144,-0.6204920836435911,-0.8560930093729014,2024,6,26
2024-06-26 21:46:53.777,-0.9684574359778988,1.3101624682073945,2.685766328579595,-1.0855480270328168,2024,6,26
2024-06-26 21:02:02.637,-2.1868873483349818,-0.3180641333799332,-0.6204920836435911,-0.1677279563931594,2024,6,26
2024-06-26 20:20:59.509,-0.749529590273862,-1.5655689884159003,2.7065124228930157,-0.1677279563931594,2024,6,26
2024-06-26 19:09:33.392,0.7030172504048775,0.6189274275195962,-0.3173675223590408,0.06172706126675392,2024,6,26
2024-06-26 18:48:04.712,-1.010884339302083,-0.7058738660509472,-0.456208748271149,0.750092114246498,2024,6,26
2024-06-26 18:27:50.677,-0.574128617220811,1.2087403421476817,0.5443062268173974,1.2090021495663246,2024,6,26
2024-06-26 18:05:11.660,-1.8964818661912093,-0.010616805332461683,-0.6204920836435911,-0.1677279563931594,2024,6,26
2024-06-26 17:36:55.840,2.2740484414088176,-0.2482770201285612,-0.6204920836435911,-0.6266379917129882,2024,6,26
2024-06-26 15:37:28.105,1.1117916539938772,0.43121118116933166,0.5443512570996281,-0.1677279563931594,2024,6,26
2024-06-26 15:08:10.868,-1.0045900703764978,-1.559118639618185,-0.15642286076913048,0.5206370965865826,2024,6,26
2024-06-26 14:12:43.435,1.616480666906303,-1.5678324802964252,-0.3957845424150385,0.5206370965865826,2024,6,26
2024-06-26 14:06:15.272,0.7929193730685347,0.6757237859497406,-0.6204920836435911,0.2911820789266693,2024,6,26
2024-06-26 13:49:08.049,0.7858204969501967,0.6761193944773491,-0.6204920836435911,0.5206370965865826,2024,6,26
2024-06-26 12:48:06.971,0.0589546548592009,0.87574410077453,0.4672079507410125,-0.1677279563931594,2024,6,26
2024-06-26 12:46:02.289,-0.3517684598211073,-0.7498386779697552,-0.6204920836435911,0.06172706126675392,2024,6,26
2024-06-26 11:33:36.890,2.2735731460206936,-0.24762812565339837,-0.6204920836435911,-0.39718297405307273,2024,6,26
2024-06-26 08:50:10.241,1.609164512896251,1.3105637053116155,-0.4596696471054498,-0.1677279563931594,2024,6,26
2024-06-26 07:57:08.430,0.6623591249179261,1.0225060196112028,-0.6204920836435911,-0.1677279563931594,2024,6,26
2024-06-26 07:26:40.911,-0.8199683667938408,-1.5672390675050123,2.938212523662246,-1.0855480270328168,2024,6,26
2024-06-26 07:17:34.434,2.2766082465705715,-0.24769084407850706,-0.6204920836435911,-1.0855480270328168,2024,6,26
2024-06-26 06:54:13.608,0.14843240664060445,0.5922648601070506,-0.6204920836435911,2.3562772378658954,2024,6,26
2024-06-26 06:26:22.555,0.22210998173394264,0.6200901306312263,-0.6204920836435911,-0.1677279563931594,2024,6,26
2024-06-26 06:25:09.193,-0.6371731554884034,1.211263552634746,0.27536608264339446,-0.6266379917129882,2024,6,26
2024-06-26 06:12:21.203,0.6644130799880336,1.0219592435974347,-0.6204920836435911,-0.39718297405307273,2024,6,26
2024-06-26 04:18:54.820,0.7456410618184274,0.7233817482086018,-0.6204920836435911,0.2911820789266693,2024,6,26
2024-06-26 04:06:24.832,-1.2105050073471106,-0.7121979739160719,-0.4278975665429746,0.06172706126675392,2024,6,26
2024-06-26 03:47:33.501,-0.4852381947404463,1.1904916926881768,-0.1311287079504116,0.2911820789266693,2024,6,26
2024-06-26 02:55:13.564,-0.23185482836447674,0.9151602187082127,-0.6204920836435911,0.06172706126675392,2024,6,26
2024-06-26 02:38:20.770,-1.237196238357332,-1.570908899456243,-0.46032580264652545,-1.0855480270328168,2024,6,26
2024-06-26 01:29:02.397,-0.12724570840543942,0.8580060436219996,-0.045210929454275,-0.8560930093729014,2024,6,26
2024-06-26 00:33:26.123,0.107166582050266,-0.7542506779514385,-0.4198049815363753,0.06172706126675392,2024,6,26
2024-06-26 00:29:37.724,-0.7395212273867936,-1.5687057137537075,3.3122533465626556,-1.0855480270328168,2024,6,26
2024-06-25 22:36:00.031,-0.014671995728266829,0.896417058589197,-0.18995755523606367,-1.31500304469273,2024,6,25
2024-06-25 21:51:54.010,-0.9018040477276219,-0.6889222014593948,-0.07167586961099157,-0.8560930093729014,2024,6,25
2024-06-25 21:26:40.800,-0.2833021591618432,0.683832956683343,-0.46216561132052175,-0.8560930093729014,2024,6,25
2024-06-25 18:55:53.830,-0.7248821294325739,-1.5731000239231807,2.858811270294635,0.5206370965865826,2024,6,25
2024-06-25 18:26:58.188,0.5478842306882575,-1.0148376934542516,-0.6204920836435911,0.750092114246498,2024,6,25
2024-06-25 14:29:23.607,0.9660457181927066,0.9729809780817988,1.7493101464129213,-1.31500304469273,2024,6,25
2024-06-25 14:00:59.282,1.0116095710785094,1.0011954244745975,-0.4876913484478555,1.8973672025460688,2024,6,25
2024-06-25 13:50:46.696,-1.9675826612875034,-0.5925899168219627,-0.6204920836435911,0.9795471319064113,2024,6,25
2024-06-25 12:15:33.554,-0.8348451124421225,-1.5324673293588644,-0.6204920836435911,1.2090021495663246,2024,6,25
2024-06-25 11:26:51.581,-0.9925617020899022,1.3000286180581044,3.2559140305946137,-0.39718297405307273,2024,6,25
2024-06-25 10:55:22.466,-0.046737459591347584,0.8990858079858086,0.8429856559560335,-0.39718297405307273,2024,6,25
2024-06-25 10:01:38.690,-2.290793710113007,-1.4678287555430158,-0.6204920836435911,0.9795471319064113,2024,6,25
2024-06-25 09:57:59.191,-0.17837730726640919,0.8818527145636403,-0.4398305913341046,0.5206370965865826,2024,6,25
2024-06-25 08:10:00.746,0.22060261636017786,0.6192498645512446,-0.11035044914968371,-1.0855480270328168,2024,6,25
2024-06-25 07:50:04.135,-0.27994453674145287,0.9887715477264675,-0.6204920836435911,-0.6266379917129882,2024,6,25
2024-06-25 07:47:19.103,-0.8878201784156019,-1.577273211440027,3.0854744123514917,-0.6266379917129882,2024,6,25
2024-06-25 04:06:44.267,1.2082528530136458,0.08668359448228899,-0.6189932185350556,0.2911820789266693,2024,6,25
2024-06-25 04:05:23.685,0.1620903591150538,0.885992934703186,-0.4596696471054498,-0.8560930093729014,2024,6,25
2024-06-25 04:04:29.294,0.9536201387603216,0.9738268727383927,1.8835582835375004,-1.0855480270328168,2024,6,25
2024-06-25 04:00:59.930,1.0667596804121546,-1.092597283435784,-0.6071759858982331,-1.1084935287988078,2024,6,25
2024-06-25 03:20:02.251,-0.3531637912819571,1.0495762567869549,-0.30386487058729844,-0.39718297405307273,2024,6,25
2024-06-25 03:14:15.965,-0.8084085039612533,1.2213346843589274,-0.6204920836435911,0.2911820789266693,2024,6,25
2024-06-25 03:05:41.677,-2.0396985515341486,1.0505025596808675,-0.6204920836435911,-0.39718297405307273,2024,6,25
2024-06-25 02:40:03.594,-0.7617412867815911,-1.5241941258211316,-0.6204920836435911,0.06172706126675392,2024,6,25
2024-06-25 02:08:39.216,-0.9235759714707596,-0.670067273890506,0.7286151719875689,0.06172706126675392,2024,6,25
2024-06-24 23:24:46.351,1.1732779023818345,0.4575842789275296,0.14727422838949558,-0.6266379917129882,2024,6,24
2024-06-24 23:09:26.538,-2.068161955348661,-0.32632688384681463,-0.6204920836435911,0.06172706126675392,2024,6,24
2024-06-24 20:48:52.922,2.758917636636472,-0.09394144941882926,-0.6204920836435911,-1.31500304469273,2024,6,24
2024-06-24 19:54:18.188,1.090671563925881,0.9853751037821209,-0.2751162518317403,-0.8560930093729014,2024,6,24
2024-06-24 19:06:07.055,-0.8708894776972128,-1.578413400245208,3.1172722245038127,1.2090021495663246,2024,6,24
2024-06-24 18:56:08.938,-0.633937751882102,-1.5266240627529062,-0.6204920836435911,-0.39718297405307273,2024,6,24
2024-06-24 17:44:14.715,-0.11966135199780337,0.8691055967014887,-0.12622684008472904,-0.6266379917129882,2024,6,24
2024-06-24 15:41:27.655,-1.1222494437065973,-1.5746334090088505,1.4286366408533289,0.06172706126675392,2024,6,24
2024-06-24 15:25:02.164,-0.36612577550951053,0.9104507082484498,-0.020765919100477537,1.6679121848861533,2024,6,24
2024-06-24 13:33:38.359,-0.6212779197227131,1.209973000425779,0.3231432120901454,3.962462361485295,2024,6,24
2024-06-24 11:06:08.386,1.2639201278641419,0.5425862388443676,-0.6204920836435911,0.06172706126675392,2024,6,24
2024-06-24 10:34:36.664,0.28921490060293725,0.8738730010921212,-0.4596696471054498,0.5206370965865826,2024,6,24
2024-06-24 10:02:26.085,0.3595382482429431,-0.8631178027045007,0.25468431730458946,-0.6266379917129882,2024,6,24
2024-06-24 07:30:09.456,0.9764241324891002,1.0107704373745219,-0.5993085523027871,0.5206370965865826,2024,6,24
2024-06-24 07:11:58.361,-0.7711181857958664,1.2288866260079103,-0.6204920836435911,0.06172706126675392,2024,6,24
2024-06-24 07:11:15.171,-0.7789673496340286,1.2296810593926204,-0.6204920836435911,0.5206370965865826,2024,6,24
2024-06-24 06:10:43.643,0.6922246501274043,0.8440061654224208,-0.6514922165106832,-1.0855480270328168,2024,6,24
2024-06-24 05:55:21.049,-1.1990198337897997,-1.5598045218825147,-0.6204920836435911,0.750092114246498,2024,6,24
2024-06-24 05:31:52.597,0.43544292172634796,-0.9346988237304554,-0.5458833388848165,-0.8560930093729014,2024,6,24
2024-06-24 05:18:35.037,0.7526822234967788,0.7237122260639821,-0.6204920836435911,-0.6266379917129882,2024,6,24
2024-06-24 04:28:45.433,-0.05893557623084459,0.8979536600043596,-0.2155926516202435,0.2911820789266693,2024,6,24
2024-06-24 01:58:04.985,0.1299264412072902,-0.7969402152263702,-0.6204920836435911,0.06172706126675392,2024,6,24
2024-06-24 00:33:36.812,1.1047470973484679,0.43799924456378597,-0.09441616213748473,-1.31500304469273,2024,6,24
2024-06-24 00:09:06.606,1.757171496758069,1.1776191379758076,-0.6204920836435911,-0.8560930093729014,2024,6,24
2024-06-23 22:46:17.185,0.44059648172043553,-0.934461619430365,-0.588096012027348,1.6679121848861533,2024,6,23
2024-06-23 22:45:13.609,0.43741879255412075,-0.935094432258064,-0.5612901283051706,-1.0855480270328168,2024,6,23
2024-06-23 20:53:41.571,0.28936427915349056,0.8739204419521394,-0.47221379715542483,-0.39718297405307273,2024,6,23
2024-06-23 20:27:10.744,-0.34261562863266204,1.0549636086873153,-0.3839351452909082,-0.6266379917129882,2024,6,23
